name,datetime,tempmax,tempmin,temp,feelslikemax,feelslikemin,feelslike,dew,humidity,precip,precipprob,precipcover,preciptype,snow,snowdepth,windgust,windspeed,winddir,sealevelpressure,cloudcover,visibility,solarradiation,solarenergy,uvindex,severerisk,sunrise,sunset,moonphase,conditions,description,icon,stations
62304_maritime,2023-01-01,13.8,10.2,12.2,13.8,10.2,12.2,9.2,82.1,5.3,100,62.5,rain,0,0,77.8,61.2,219,1009.9,96.7,8.8,28.1,2.3,2,10,2023-01-01T07:57:05,2023-01-01T15:55:39,0.31,"Rain, Overcast",Cloudy skies throughout the day with a chance of rain throughout the day.,rain,62304_maritime
62304_maritime,2023-01-02,10.9,8.4,9.6,10.9,4.3,7.1,6.2,80,3.5,100,33.33,rain,0,0,46.4,35.3,275.3,1016.9,79.9,29.3,32.4,2.7,2,10,2023-01-02T07:56:59,2023-01-02T15:56:43,0.35,"Rain, Partially cloudy",Partly cloudy throughout the day with a chance of rain throughout the day.,rain,62304_maritime
62304_maritime,2023-01-03,11.5,8.5,10.3,11.5,5.4,9,7.8,84.4,2.7,100,45.83,rain,0,0,93.6,76,202.6,1021.8,88.1,11.7,18.1,1.5,1,10,2023-01-03T07:56:50,2023-01-03T15:57:49,0.38,"Rain, Partially cloudy",Partly cloudy throughout the day with a chance of rain throughout the day.,rain,"62304_maritime,remote"
62304_maritime,2023-01-04,12.8,11.8,12.2,12.8,11.8,12.2,10.7,90.5,0,0,0,rain,0,0,98.3,72.4,235.5,1016.1,96.4,3.5,21.8,1.9,2,10,2023-01-04T07:56:37,2023-01-04T15:58:58,0.42,Overcast,Cloudy skies throughout the day.,wind,62304_maritime
62304_maritime,2023-01-05,12,11.3,11.7,12,11.3,11.7,10,89.1,0.4,100,12.5,rain,0,0,59.4,53.6,241.4,1019.7,90.9,5.8,17.5,1.3,1,10,2023-01-05T07:56:20,2023-01-05T16:00:09,0.45,"Rain, Overcast",Cloudy skies throughout the day with rain.,rain,62304_maritime
62304_maritime,2023-01-06,12.4,10.4,11.5,12.4,10.4,11.5,9.2,85.9,2.2,100,29.17,rain,0,0,92.2,63,222.2,1015.6,85.7,13.4,41.3,3.5,2,10,2023-01-06T07:56:01,2023-01-06T16:01:22,0.5,"Rain, Partially cloudy",Partly cloudy throughout the day with rain.,rain,"62304_maritime,remote"
62304_maritime,2023-01-07,12.4,10.3,11.6,12.4,10.3,11.6,7.5,76,2.2,100,20.83,rain,0,0,90.7,70.6,199.9,1004.6,83.2,15.8,16.4,1.4,2,10,2023-01-07T07:55:38,2023-01-07T16:02:38,0.52,"Rain, Partially cloudy",Partly cloudy throughout the day with rain.,rain,62304_maritime
62304_maritime,2023-01-08,11,9.3,10.3,11,4.7,8.7,6.3,76.3,14.2,100,70.83,rain,0,0,85.3,61.2,217.6,995.8,89.1,9.9,31,2.6,2,10,2023-01-08T07:55:13,2023-01-08T16:03:56,0.55,"Rain, Partially cloudy",Partly cloudy throughout the day with a chance of rain throughout the day.,rain,62304_maritime
62304_maritime,2023-01-09,9.9,8.3,8.9,5.4,3,4.1,4.4,73.6,7.1,100,41.67,rain,0,0,96.5,72.4,267.7,1000.8,60.8,17.8,18.8,1.6,1,10,2023-01-09T07:54:44,2023-01-09T16:05:16,0.59,"Rain, Partially cloudy",Partly cloudy throughout the day with a chance of rain throughout the day.,rain,62304_maritime
62304_maritime,2023-01-10,12.4,7.9,10,12.4,2.2,7.2,7.2,83,6.6,100,41.67,rain,0,0,90.7,87.1,221.3,1011.1,80.4,8.8,4.1,0.2,0,10,2023-01-10T07:54:11,2023-01-10T16:06:39,0.62,"Rain, Partially cloudy",Partly cloudy throughout the day with rain.,rain,62304_maritime
62304_maritime,2023-01-11,12.4,10.3,11,12.4,10.3,11,7.7,80.4,4.2,100,37.5,rain,0,0,96.5,70.6,246.4,1009.8,75.5,9.6,47.3,4.1,3,10,2023-01-11T07:53:36,2023-01-11T16:08:03,0.65,"Rain, Partially cloudy",Partly cloudy throughout the day with rain.,rain,62304_maritime
62304_maritime,2023-01-12,12.2,10.9,11.6,12.2,10.9,11.6,9.6,87.5,9.6,100,58.33,rain,0,0,107.6,88.9,238.2,1005.5,96.3,4.1,3.3,0.2,0,10,2023-01-12T07:52:58,2023-01-12T16:09:29,0.69,"Rain, Overcast",Cloudy skies throughout the day with a chance of rain throughout the day.,rain,62304_maritime
62304_maritime,2023-01-13,11,9.7,10.1,11,4.5,7.2,4.7,68.9,0.2,100,8.33,rain,0,0,83.5,66.6,256,1009.5,57.7,14.5,21,1.8,1,10,2023-01-13T07:52:16,2023-01-13T16:10:57,0.72,"Rain, Partially cloudy",Partly cloudy throughout the day with rain.,rain,"62304_maritime,remote"
62304_maritime,2023-01-14,12,8.8,10.5,12,3.5,8.9,7.4,81.7,8.9,100,41.67,rain,0,0,100.1,85.3,227.3,1002.6,93.7,9.2,3.4,0.2,0,10,2023-01-14T07:51:32,2023-01-14T16:12:27,0.75,"Rain, Overcast",Cloudy skies throughout the day with a chance of rain throughout the day.,rain,62304_maritime
62304_maritime,2023-01-15,8.9,7.3,8.2,8.9,1.2,3.3,2.6,68,0.5,100,12.5,rain,0,0,92.5,70.6,254.4,999.5,29.8,20.2,54.4,4.7,3,10,2023-01-15T07:50:45,2023-01-15T16:13:58,0.75,"Rain, Partially cloudy",Partly cloudy throughout the day with rain.,rain,"62304_maritime,remote"
62304_maritime,2023-01-16,7.8,3,5.7,3.2,-2.8,-0.3,2.4,79.5,25.5,100,37.5,"rain,snow",0,0,88.9,70.6,312.2,983.5,85.5,12.3,5.5,0.5,0,10,2023-01-16T07:49:55,2023-01-16T16:15:31,0.82,"Snow, Rain, Partially cloudy",Partly cloudy throughout the day with a chance of rain or snow throughout the day.,rain,62304_maritime
62304_maritime,2023-01-17,4.4,2.9,3.6,3.7,-2.5,0.1,-2.7,63.8,0,0,0,,0,0,38.9,29.5,323.1,988.8,83.4,37.5,48.8,4.2,3,10,2023-01-17T07:49:02,2023-01-17T16:17:06,0.85,Partially cloudy,Partly cloudy throughout the day.,partly-cloudy-day,62304_maritime
62304_maritime,2023-01-18,5.3,3.4,4.4,0.1,-2,-0.8,0.1,73.3,0,0,0,,0,0,50,42.5,295.3,997.3,26,20.4,48.7,4.3,3,10,2023-01-18T07:48:06,2023-01-18T16:18:41,0.89,Partially cloudy,Becoming cloudy in the afternoon.,partly-cloudy-day,62304_maritime
62304_maritime,2023-01-19,5.4,3.5,4.5,2.5,-1.5,-0.2,0.5,75.6,1.2,100,20.83,"rain,snow",0,0,50,40.7,302.8,1007.1,36.5,16.7,55,4.8,3,10,2023-01-19T07:47:07,2023-01-19T16:20:18,0.92,"Snow, Rain, Partially cloudy",Becoming cloudy in the afternoon with rain or snow.,rain,62304_maritime
62304_maritime,2023-01-20,6.9,4.3,5.4,1.4,-2.1,-0.4,1.8,77.6,2.1,100,20.83,rain,0,0,70.6,57.6,323.1,1016.7,57.1,19.1,55.3,4.7,3,10,2023-01-20T07:46:06,2023-01-20T16:21:57,0.95,"Rain, Partially cloudy",Partly cloudy throughout the day with rain.,rain,"62304_maritime,remote"
62304_maritime,2023-01-21,5.9,4.4,5.3,1.9,-0.6,0.8,0.3,70.2,0,0,0,rain,0,0,46.4,37.1,75.7,1031.4,56,17.3,61.9,5.5,3,10,2023-01-21T07:45:02,2023-01-21T16:23:36,0,Partially cloudy,Partly cloudy throughout the day.,partly-cloudy-day,62304_maritime
62304_maritime,2023-01-22,6.5,4.5,6,2.7,1.1,1.7,-0.2,64.3,0,0,0,,0,0,37.8,33.5,35.5,1034.3,66.5,41.8,51.7,4.5,3,10,2023-01-22T07:43:55,2023-01-22T16:25:17,0.02,Partially cloudy,Partly cloudy throughout the day.,partly-cloudy-day,62304_maritime
62304_maritime,2023-01-23,6.3,5.3,5.7,3,0.7,1.5,1.4,74.1,0.2,100,8.33,rain,0,0,40.3,29.5,78.9,1036.4,86.5,31.4,29.5,2.7,2,10,2023-01-23T07:42:46,2023-01-23T16:26:58,0.05,"Rain, Partially cloudy",Partly cloudy throughout the day with rain.,rain,62304_maritime
62304_maritime,2023-01-24,5.9,3.5,4.9,1.7,0,0.8,2,81.5,0,0,0,rain,0,0,37.1,29.5,66.9,1037.9,82.7,8.7,27.6,2.3,1,10,2023-01-24T07:41:35,2023-01-24T16:28:41,0.09,Partially cloudy,Partly cloudy throughout the day.,partly-cloudy-day,62304_maritime
62304_maritime,2023-01-25,7.6,3.3,4.3,3.2,-1.4,0.9,2.1,85.9,5.4,100,16.67,rain,0,0,55.4,37.1,295.4,1032.1,90.1,6.1,65.4,5.7,3,10,2023-01-25T07:40:21,2023-01-25T16:30:24,0.12,"Rain, Overcast",Cloudy skies throughout the day with late afternoon rain.,rain,"62304_maritime,remote"
62304_maritime,2023-01-26,8.7,7.4,8,3.8,1.8,2.9,5.4,83.7,4.3,100,62.5,rain,0,0,74.2,61.2,13.4,1026.9,78.4,11.5,30.4,2.6,2,10,2023-01-26T07:39:04,2023-01-26T16:32:08,0.16,"Rain, Partially cloudy",Partly cloudy throughout the day with a chance of rain throughout the day.,rain,"62304_maritime,remote"
62304_maritime,2023-01-27,8.4,5.7,6.8,3.6,1,1.9,1.8,70.5,0.8,100,16.67,rain,0,0,66.6,53.6,40.1,1028.4,69.4,27.1,65.1,5.5,3,10,2023-01-27T07:37:46,2023-01-27T16:33:53,0.19,"Rain, Partially cloudy",Partly cloudy throughout the day with rain clearing later.,rain,62304_maritime
62304_maritime,2023-01-28,6.3,5.5,5.9,6,0.9,2.5,-0.3,64.3,0.3,100,12.5,rain,0,0,31.3,33.5,7.3,1030.8,63.8,47.5,28.4,2.4,2,10,2023-01-28T07:36:25,2023-01-28T16:35:38,0.25,"Rain, Partially cloudy",Partly cloudy throughout the day with morning rain.,rain,62304_maritime
62304_maritime,2023-01-29,8.9,5.5,7,4.3,1.4,2.8,3.5,78.7,0,0,0,rain,0,0,59.4,48.2,252.6,1026.6,81.8,20,41.5,3.6,2,10,2023-01-29T07:35:02,2023-01-29T16:37:24,0.26,Partially cloudy,Partly cloudy throughout the day.,partly-cloudy-day,62304_maritime
62304_maritime,2023-01-30,8.9,7.9,8.3,5.4,2.9,4.1,4.2,75.3,0,0,0,rain,0,0,59,46.4,290.8,1023.7,38.2,20,68.9,6,3,10,2023-01-30T07:33:36,2023-01-30T16:39:11,0.29,Partially cloudy,Partly cloudy throughout the day.,partly-cloudy-day,62304_maritime
62304_maritime,2023-01-31,9.5,6.7,8.3,8.4,1.1,4.3,4.7,78.2,0.1,100,4.17,rain,0,0,55.4,48.2,259.9,1024.5,67,17.7,52,4.4,3,10,2023-01-31T07:32:09,2023-01-31T16:40:58,0.32,"Rain, Partially cloudy",Partly cloudy throughout the day with morning rain.,rain,"62304_maritime,remote"
62304_maritime,2023-02-01,10,7.3,8.5,7,1.7,4,4,73.3,0,0,0,,0,0,63,53.6,263.9,1024.2,80.6,14.2,51.3,4.4,3,10,2023-02-01T07:30:39,2023-02-01T16:42:45,0.36,Partially cloudy,Partly cloudy throughout the day.,wind,62304_maritime
62304_maritime,2023-02-02,10.2,8,9.1,10.2,3.3,4.9,6.4,83.5,0,0,0,rain,0,0,61.2,48.2,253,1026.9,27,15.4,73.7,6.4,3,10,2023-02-02T07:29:08,2023-02-02T16:44:33,0.39,Partially cloudy,Becoming cloudy in the afternoon.,partly-cloudy-day,62304_maritime
62304_maritime,2023-02-03,10.7,9.2,9.7,10.7,4.6,6.4,7.8,88.1,0,0,0,,0,0,59.4,50,245.6,1030.7,58.1,15.8,76.6,6.7,3,10,2023-02-03T07:27:34,2023-02-03T16:46:21,0.42,Partially cloudy,Partly cloudy throughout the day.,wind,62304_maritime
62304_maritime,2023-02-04,9.9,8.9,9.5,7.8,5.6,6.7,6.4,81.3,0.1,100,4.17,rain,0,0,25.6,25.9,302,1037.3,86.9,21.3,25.2,2,1,10,2023-02-04T07:25:59,2023-02-04T16:48:09,0.46,"Rain, Partially cloudy",Partly cloudy throughout the day with early morning rain.,rain,62304_maritime
62304_maritime,2023-02-05,8.9,7.4,8.1,5.3,1.9,3.7,4.2,76.8,0.1,100,4.17,rain,0,0,59.4,50,5.9,1042.7,76.2,12.8,71.6,6.2,3,10,2023-02-05T07:24:21,2023-02-05T16:49:58,0.5,"Rain, Partially cloudy",Partly cloudy throughout the day with early morning rain.,rain,"62304_maritime,remote"
62304_maritime,2023-02-06,8,6.3,7.3,7.8,2.7,4.8,3.4,77,0,0,0,,0,0,29.9,25.9,80,1041.8,62.8,15.9,89.2,7.7,4,10,2023-02-06T07:22:42,2023-02-06T16:51:46,0.53,Partially cloudy,Partly cloudy throughout the day.,partly-cloudy-day,62304_maritime
62304_maritime,2023-02-07,6.8,4.9,6.1,4.5,2,3.3,0.7,69,0,0,0,,0,0,25.9,20.5,109.8,1038.8,12.3,15.8,87.1,7.5,4,10,2023-02-07T07:21:02,2023-02-07T16:53:35,0.56,Clear,Clear conditions throughout the day.,clear-day,62304_maritime
62304_maritime,2023-02-08,6.8,3.9,5.4,4.6,0.4,2.4,-0.7,65.6,0,0,0,,0,0,27,33.5,163.1,1035,3.6,11.8,93.8,8.1,4,10,2023-02-08T07:19:19,2023-02-08T16:55:24,0.59,Clear,Clear conditions throughout the day.,clear-day,62304_maritime
62304_maritime,2023-02-09,8,5.9,6.8,6.6,1,3.5,3.1,77.4,0,0,0,rain,0,0,33.8,31.7,265,1032.6,66.9,11.5,44.2,3.8,3,10,2023-02-09T07:17:35,2023-02-09T16:57:13,0.63,Partially cloudy,Partly cloudy throughout the day.,partly-cloudy-day,62304_maritime
62304_maritime,2023-02-10,8.5,6.9,7.9,6.7,2.8,4.3,3.3,73.5,0,0,0,,0,0,53.6,46.4,240.7,1036.5,46.6,16.8,92.7,8.1,4,10,2023-02-10T07:15:49,2023-02-10T16:59:02,0.66,Partially cloudy,Clearing in the afternoon.,partly-cloudy-day,62304_maritime
62304_maritime,2023-02-11,8.9,8,8.5,8.9,3.8,5.8,6.9,89.2,0,0,0,rain,0,0,34.9,31.7,238.8,1036.5,86,14.9,36.1,3,2,10,2023-02-11T07:14:02,2023-02-11T17:00:50,0.7,Partially cloudy,Partly cloudy throughout the day.,partly-cloudy-day,62304_maritime
62304_maritime,2023-02-12,8.5,7.4,8.1,7.7,3.9,5.9,5.2,82.2,0,0,0,rain,0,0,26.6,22.3,143.1,1037.8,61,7.5,38.9,3.3,2,10,2023-02-12T07:12:13,2023-02-12T17:02:39,0.73,Partially cloudy,Partly cloudy throughout the day.,partly-cloudy-day,62304_maritime
62304_maritime,2023-02-13,9.2,6.9,8.1,7.2,3.8,5.6,5.3,82.4,0,0,0,,0,0,23.8,22.3,128.9,1034.7,6.7,5.6,102.8,8.8,4,10,2023-02-13T07:10:23,2023-02-13T17:04:28,0.75,Clear,Clear conditions throughout the day.,clear-day,62304_maritime
62304_maritime,2023-02-14,9.8,7.2,8.4,9.8,4.7,6.6,6.1,85.7,0,0,0,,0,0,20.2,16.6,167.5,1031.2,0.7,3.4,104.9,9.2,4,10,2023-02-14T07:08:31,2023-02-14T17:06:16,0.8,Clear,Clear conditions throughout the day.,clear-day,62304_maritime
62304_maritime,2023-02-15,9.9,6.9,8.6,6.6,4.4,5.4,5.5,80.7,0,0,0,,0,0,36.4,38.9,201.5,1024.7,59.4,5.3,74.1,6.3,3,10,2023-02-15T07:06:38,2023-02-15T17:08:05,0.83,Partially cloudy,Partly cloudy throughout the day.,partly-cloudy-day,62304_maritime
62304_maritime,2023-02-16,9.9,8.9,9.3,6.7,3.9,5.1,8,91.8,1.5,100,29.17,rain,0,0,64.8,55.4,224.2,1021.5,92.9,3.3,12.8,1.1,1,10,2023-02-16T07:04:44,2023-02-16T17:09:53,0.87,"Rain, Overcast",Cloudy skies throughout the day with a chance of rain throughout the day.,rain,62304_maritime
62304_maritime,2023-02-17,9.9,8.9,9.5,5.8,3.9,4.8,8.9,96,0,0,0,,0,0,76,63,235.6,1022,91.6,2.6,81.5,7.2,4,10,2023-02-17T07:02:49,2023-02-17T17:11:41,0.9,Overcast,Cloudy skies throughout the day.,wind,62304_maritime
62304_maritime,2023-02-18,9.9,9.4,9.7,5.8,4.5,5.1,8.6,93.3,0,0,0,rain,0,0,70.6,55.4,241.1,1021.4,96.9,3.7,33.9,3,2,10,2023-02-18T07:00:52,2023-02-18T17:13:29,0.94,Overcast,Cloudy skies throughout the day.,wind,62304_maritime
62304_maritime,2023-02-19,9.7,8.8,9.3,7.7,4.4,5.7,6.7,84.2,0,0,0,,0,0,51.5,42.5,257.7,1025.7,44.1,14.2,106.5,9.3,4,10,2023-02-19T06:58:54,2023-02-19T17:15:17,0.97,Partially cloudy,Partly cloudy throughout the day.,partly-cloudy-day,62304_maritime
62304_maritime,2023-02-20,8.9,8,8.5,4.4,2.8,3.6,7,90.4,0,0,0,,0,0,68.4,57.6,240.2,1024.1,66,10.3,86.7,7.5,4,10,2023-02-20T06:56:55,2023-02-20T17:17:04,0,Partially cloudy,Partly cloudy throughout the day.,wind,62304_maritime
62304_maritime,2023-02-21,8.7,5.9,7.4,6.7,3,4.7,6.3,92.5,0,0,0,,0,0,39.6,38.9,227.6,1018.4,84.7,10.3,100.8,8.6,4,10,2023-02-21T06:54:54,2023-02-21T17:18:51,0.04,Partially cloudy,Partly cloudy throughout the day.,partly-cloudy-day,"62304_maritime,remote"
62304_maritime,2023-02-22,8.9,7.2,8.1,8.1,3.4,5.8,6.8,91.6,1.1,100,33.33,rain,0,0,33.8,27.7,236.7,1011.6,94.7,3.2,84.5,7.3,4,10,2023-02-22T06:52:53,2023-02-22T17:20:38,0.07,"Rain, Overcast",Cloudy skies throughout the day with a chance of rain throughout the day.,rain,62304_maritime
62304_maritime,2023-02-23,8.2,6.8,7.5,5.9,1.4,3.2,5.5,87.3,1.9,100,41.67,rain,0,0,55.4,44.6,16.5,1016.4,90.9,10.4,46.8,4,2,10,2023-02-23T06:50:51,2023-02-23T17:22:25,0.11,"Rain, Overcast",Cloudy skies throughout the day with a chance of rain throughout the day.,rain,62304_maritime
62304_maritime,2023-02-24,8,5.4,6.6,5.3,0.9,2.5,2.4,75,0.5,100,20.83,rain,0,0,57.6,46.4,334.2,1012.5,75.7,17.8,50,4.3,2,10,2023-02-24T06:48:48,2023-02-24T17:24:11,0.14,"Rain, Partially cloudy",Partly cloudy throughout the day with rain.,rain,62304_maritime
62304_maritime,2023-02-25,7,5.3,6.4,1.7,-0.6,1,1.2,69.8,1.2,100,29.17,rain,0,0,70.6,55.4,16.9,1015.1,61.9,17.6,103.4,8.8,4,10,2023-02-25T06:46:44,2023-02-25T17:25:57,0.17,"Rain, Partially cloudy",Partly cloudy throughout the day with a chance of rain throughout the day.,rain,"62304_maritime,remote"
62304_maritime,2023-02-26,6.8,4.7,5.8,1.9,-0.9,0.2,-1,62.2,0.9,100,37.5,"rain,snow",0,0,68.4,53.6,57.1,1025.2,64.1,20.2,114.1,9.8,5,10,2023-02-26T06:44:39,2023-02-26T17:27:43,0.2,"Snow, Rain, Partially cloudy",Partly cloudy throughout the day with a chance of rain or snow throughout the day.,rain,"62304_maritime,remote"
62304_maritime,2023-02-27,6.9,5.2,5.8,1.4,-0.4,0.4,-0.9,62.3,0.1,100,4.17,rain,0,0,55.4,48.2,70.9,1030.1,48.1,25.8,134.3,11.5,5,10,2023-02-27T06:42:33,2023-02-27T17:29:29,0.25,"Rain, Partially cloudy",Becoming cloudy in the afternoon with early morning rain.,rain,62304_maritime
62304_maritime,2023-02-28,6.4,2.4,5.3,2.2,-2.8,0.5,0.3,71.5,2.8,100,25,rain,0,0,50,38.9,73.8,1030.9,64.4,18.5,24.2,1.9,1,10,2023-02-28T06:40:26,2023-02-28T17:31:14,0.27,"Rain, Partially cloudy",Partly cloudy throughout the day with rain in the morning and afternoon.,rain,62304_maritime
62304_maritime,2023-03-01,6.5,5.7,5.9,1.7,0.5,1,-0.5,63.6,0,0,0,,0,0,48.2,40.7,58,1027.8,28.2,20.4,89,7.7,4,10,2023-03-01T06:38:19,2023-03-01T17:32:59,0.3,Partially cloudy,Partly cloudy throughout the day.,partly-cloudy-day,62304_maritime
62304_maritime,2023-03-02,6.9,5.4,6.2,1.7,0.1,1,1.2,71.1,0,0,0,,0,0,57.6,48.2,46.6,1024.2,30,12,144.5,12.3,5,10,2023-03-02T06:36:10,2023-03-02T17:34:44,0.33,Partially cloudy,Partly cloudy throughout the day.,partly-cloudy-day,62304_maritime
62304_maritime,2023-03-03,7.2,5.9,6.7,2.5,0.8,1.9,2.4,74.3,0.6,100,16.67,rain,0,0,48.2,40.7,36.3,1027.1,76.1,23.8,43.6,3.8,2,10,2023-03-03T06:34:02,2023-03-03T17:36:28,0.37,"Rain, Partially cloudy",Partly cloudy throughout the day with rain in the morning and afternoon.,rain,62304_maritime
62304_maritime,2023-03-04,6.7,5.7,6.3,2.7,0.9,1.9,3.1,80.6,0.9,100,29.17,rain,0,0,42.1,33.5,359.5,1027.7,83,20.7,46.4,4.1,2,10,2023-03-04T06:31:52,2023-03-04T17:38:12,0.4,"Rain, Partially cloudy",Partly cloudy throughout the day with rain.,rain,"62304_maritime,remote"
62304_maritime,2023-03-05,6.3,4.7,5.2,2.6,0.1,1.3,1,74.8,1.5,100,29.17,"rain,snow",0,0,33.1,27.7,326.2,1018.2,98.6,12.5,58.4,5,2,10,2023-03-05T06:29:42,2023-03-05T17:39:56,0.43,"Snow, Rain, Overcast",Cloudy skies throughout the day with rain or snow.,rain,62304_maritime
62304_maritime,2023-03-06,7.7,4.4,5.8,2.6,-0.1,1.1,2.1,77.7,2,100,41.67,"rain,snow",0,0,59.4,50,255.3,1005.8,91.7,11.8,71.5,6.1,3,10,2023-03-06T06:27:31,2023-03-06T17:41:40,0.47,"Snow, Rain, Overcast",Cloudy skies throughout the day with rain or snow.,rain,62304_maritime
62304_maritime,2023-03-07,6.8,3.4,4.7,4.7,-0.9,1,1.8,81.7,4.5,100,45.83,"rain,snow",0,0,54.7,42.5,292.1,999.8,99.4,19.6,45.1,3.7,2,10,2023-03-07T06:25:20,2023-03-07T17:43:23,0.5,"Snow, Rain, Overcast",Cloudy skies throughout the day with a chance of rain or snow throughout the day.,rain,62304_maritime
62304_maritime,2023-03-08,4.4,2.2,3.5,1,-5.4,-2.5,1.9,89.4,10.1,100,75,"rain,snow",0,0,68.4,55.4,99,991.6,99.4,4.9,15.7,1.6,1,10,2023-03-08T06:23:08,2023-03-08T17:45:06,0.53,"Snow, Rain, Overcast",Cloudy skies throughout the day with a chance of rain or snow throughout the day.,rain,"62304_maritime,remote"
62304_maritime,2023-03-09,9.9,4.7,7.1,6.1,-0.2,3.3,5.9,92.7,13.7,100,70.83,rain,0,0,53.6,42.5,172.5,992.1,99.9,5,21.5,1.8,1,10,2023-03-09T06:20:56,2023-03-09T17:46:49,0.57,"Rain, Overcast",Cloudy skies throughout the day with a chance of rain throughout the day.,rain,62304_maritime
62304_maritime,2023-03-10,9.3,3.4,6.4,9.3,-4.3,1.2,3.6,83.4,5.4,100,58.33,"rain,snow",0,0,96.5,72.4,305.3,994.6,92.1,12.4,49.5,4.2,4,10,2023-03-10T06:18:43,2023-03-10T17:48:31,0.6,"Snow, Rain, Overcast",Cloudy skies throughout the day with a chance of rain or snow throughout the day.,rain,"62304_maritime,remote"
62304_maritime,2023-03-11,6.8,4.4,5.4,6.8,0.6,2.9,-0.9,64,0.5,100,12.5,rain,0,0,38.2,27.7,127.2,1010.3,94.7,41.4,140.6,12.2,5,10,2023-03-11T06:16:30,2023-03-11T17:50:14,0.64,"Rain, Overcast",Cloudy skies throughout the day with late afternoon rain.,rain,62304_maritime
62304_maritime,2023-03-12,10.4,5.5,8.6,10.4,0.7,4.7,7.2,90.7,0.3,100,12.5,rain,0,0,66.6,55.4,226.1,1007,89.6,5.3,111.7,9.7,5,10,2023-03-12T06:14:16,2023-03-12T17:51:56,0.68,"Rain, Partially cloudy",Partly cloudy throughout the day with late afternoon rain.,rain,62304_maritime
62304_maritime,2023-03-13,11.4,9.4,10.7,11.4,4.8,10.1,8.1,84.3,0.8,100,16.67,rain,0,0,98.3,77.8,219.4,993.8,60.5,5.9,147.2,12.8,5,10,2023-03-13T06:12:02,2023-03-13T17:53:38,0.71,"Rain, Partially cloudy",Partly cloudy throughout the day with rain.,rain,62304_maritime
62304_maritime,2023-03-14,9.5,4.7,7.1,5.1,-1.9,2.1,3.1,76.5,5.4,100,41.67,rain,0,0,74.2,59.4,282.3,1001.8,89.1,17.1,89.3,7.8,4,10,2023-03-14T06:09:48,2023-03-14T17:55:19,0.75,"Rain, Partially cloudy",Partly cloudy throughout the day with a chance of rain throughout the day.,rain,"62304_maritime,remote"
62304_maritime,2023-03-15,8,4.9,6.4,5.7,0.5,3.2,2,73.5,0.1,100,4.17,rain,0,0,45.7,31.7,230.4,1016.6,82.8,40,125.3,10.9,4,10,2023-03-15T06:07:33,2023-03-15T17:57:01,0.75,"Rain, Partially cloudy",Partly cloudy throughout the day with late afternoon rain.,rain,62304_maritime
62304_maritime,2023-03-16,12.3,7.8,10.3,12.3,3.8,8.2,5.6,72.9,2.1,100,25,rain,0,0,48.2,40.7,178.8,1008.7,98.5,19.2,124.8,10.6,5,10,2023-03-16T06:05:19,2023-03-16T17:58:42,0.82,"Rain, Overcast",Cloudy skies throughout the day with rain clearing later.,rain,62304_maritime
62304_maritime,2023-03-17,12.3,9.3,10.3,12.3,5.6,9,7.7,84.9,0.9,100,20.83,rain,0,0,32,35.3,197.7,1005.4,91,11.3,28.5,2.5,1,10,2023-03-17T06:03:04,2023-03-17T18:00:23,0.85,"Rain, Overcast",Cloudy skies throughout the day with rain.,rain,62304_maritime
62304_maritime,2023-03-18,11.3,8.3,9.6,11.3,3.9,7.1,8.1,90.6,2.1,100,37.5,rain,0,0,38.2,35.3,194,1007.6,79.3,12.7,72.7,6.2,4,10,2023-03-18T06:00:48,2023-03-18T18:02:04,0.89,"Rain, Partially cloudy",Partly cloudy throughout the day with a chance of rain throughout the day.,rain,62304_maritime
62304_maritime,2023-03-19,9,6.8,8.3,7.3,1.7,4.9,6.3,87.3,0.7,100,16.67,rain,0,0,50,40.7,264.7,1015.4,71.3,16.6,183,15.7,6,10,2023-03-19T05:58:33,2023-03-19T18:03:44,0.92,"Rain, Partially cloudy",Partly cloudy throughout the day with rain clearing later.,rain,62304_maritime
62304_maritime,2023-03-20,9.5,8.4,8.9,5.9,4,4.6,7.4,90.6,0.5,100,16.67,rain,0,0,55.4,48.2,223.3,1017.8,99,8.8,38.9,3.3,2,10,2023-03-20T05:56:17,2023-03-20T18:05:25,0.96,"Rain, Overcast",Cloudy skies throughout the day with rain.,rain,62304_maritime
62304_maritime,2023-03-21,10,8.7,9.5,6.3,4,5.6,7.9,89.6,2.1,100,12.5,rain,0,0,61.2,48.2,210.7,1011.3,92,9.2,71.4,6.2,4,10,2023-03-21T05:54:02,2023-03-21T18:07:05,0,"Rain, Overcast",Cloudy skies throughout the day with early morning rain.,rain,62304_maritime
62304_maritime,2023-03-22,11.5,9.8,10.3,11.5,4.9,7.2,8.5,88.9,2.1,100,50,rain,0,0,74.2,59.4,210.3,1003.3,98.8,7.9,15.7,1.3,1,10,2023-03-22T05:51:46,2023-03-22T18:08:45,0.03,"Rain, Overcast",Cloudy skies throughout the day with rain.,rain,62304_maritime
62304_maritime,2023-03-23,11.9,10.2,10.8,11.9,10.2,10.8,8.7,87.1,6.1,100,33.33,rain,0,0,83.5,64.8,212,999.8,81.6,5.2,171.1,14.8,6,10,2023-03-23T05:49:30,2023-03-23T18:10:25,0.06,"Rain, Partially cloudy",Partly cloudy throughout the day with rain.,rain,62304_maritime
62304_maritime,2023-03-24,10.7,9.5,10.1,10.7,4.9,7.5,7.7,85.1,1,100,29.17,rain,0,0,81.7,55.4,230.6,1000.2,79.6,7,132.8,11.4,5,10,2023-03-24T05:47:15,2023-03-24T18:12:05,0.09,"Rain, Partially cloudy",Partly cloudy throughout the day with a chance of rain throughout the day.,rain,62304_maritime
62304_maritime,2023-03-25,10.4,9.5,10,10.4,4.6,6.8,7.3,83.6,1.7,100,41.67,rain,0,0,83.9,63,240.4,1004.9,79.1,5.3,135.6,11.7,6,10,2023-03-25T05:44:59,2023-03-25T18:13:45,0.12,"Rain, Partially cloudy",Partly cloudy throughout the day with a chance of rain throughout the day.,rain,"62304_maritime,remote"
62304_maritime,2023-03-26,9.4,7.2,8,7.2,2.1,4.1,4.9,81,8.8,100,50,rain,0,0,63,48.2,36.7,1005.8,93.8,13.3,19.7,1.6,1,10,2023-03-26T06:42:43,2023-03-26T19:15:25,0.15,"Rain, Overcast",Cloudy skies throughout the day with a chance of rain throughout the day.,rain,"62304_maritime,remote"
62304_maritime,2023-03-27,7.8,5.9,6.7,6,0.9,2.8,-0.2,62,0.2,100,8.33,rain,0,0,53.6,44.6,338.1,1024.3,34.8,31.3,213.9,18.5,7,10,2023-03-27T06:40:28,2023-03-27T19:17:05,0.19,"Rain, Partially cloudy",Partly cloudy throughout the day with rain clearing later.,rain,62304_maritime
62304_maritime,2023-03-28,9.5,5.9,7.6,5.4,0.3,3.2,1.4,65,3.8,100,33.33,rain,0,0,59.4,48.2,185.7,1021.6,83,24.3,52.7,4.6,3,10,2023-03-28T06:38:12,2023-03-28T19:18:44,0.22,"Rain, Partially cloudy",Partly cloudy throughout the day with rain.,rain,62304_maritime
62304_maritime,2023-03-29,14.3,9.4,11.1,14.3,5.3,9.2,8.3,84.3,2.8,100,16.67,rain,0,0,57.6,46.4,211.5,1011.1,92.3,11.4,79.2,6.9,4,10,2023-03-29T06:35:57,2023-03-29T19:20:24,0.25,"Rain, Overcast",Cloudy skies throughout the day with rain.,rain,62304_maritime
62304_maritime,2023-03-30,12,10.4,10.9,12,10.4,10.9,9.1,88.8,0.7,100,8.33,rain,0,0,63,53.6,227.1,1005.8,79,5,152.8,13.3,6,10,2023-03-30T06:33:42,2023-03-30T19:22:03,0.28,"Rain, Partially cloudy",Partly cloudy throughout the day with rain.,rain,62304_maritime
62304_maritime,2023-03-31,11.4,9.9,10.5,11.4,4.6,10.1,8.5,87.3,11,100,79.17,rain,0,0,103.7,79.6,222.9,991.8,99.7,4.7,23.3,2,2,10,2023-03-31T06:31:27,2023-03-31T19:23:42,0.31,"Rain, Overcast",Cloudy skies throughout the day with a chance of rain throughout the day.,rain,62304_maritime
62304_maritime,2023-04-01,10.4,8.2,9,10.4,3.3,5.1,7.4,89.7,2.3,100,41.67,rain,0,0,74.2,51.8,323,1003.4,98.8,8.8,27.6,2.4,1,10,2023-04-01T06:29:12,2023-04-01T19:25:22,0.35,"Rain, Overcast",Cloudy skies throughout the day with a chance of rain throughout the day.,rain,62304_maritime
62304_maritime,2023-04-02,8.2,5.8,7.4,7.7,0.3,2.5,3.5,76.3,0,0,0,rain,0,0,64.8,50,24,1023,78.4,14.6,213.5,18.4,7,10,2023-04-02T06:26:57,2023-04-02T19:27:01,0.38,Partially cloudy,Partly cloudy throughout the day.,wind,"62304_maritime,remote"
62304_maritime,2023-04-03,8.9,6.9,7.9,4.8,2.4,3.8,1.3,63.3,0,0,0,,0,0,51.8,42.5,76,1029.5,21.9,19.6,234.5,20.2,7,10,2023-04-03T06:24:43,2023-04-03T19:28:40,0.41,Partially cloudy,Partly cloudy throughout the day.,partly-cloudy-day,62304_maritime
62304_maritime,2023-04-04,8,5.3,6.7,4.2,1.8,3.1,-0.4,60.3,0,0,0,,0,0,49,37.1,98.1,1027.7,14.9,19.6,240,20.7,7,10,2023-04-04T06:22:29,2023-04-04T19:30:20,0.44,Clear,Clear conditions throughout the day.,clear-day,62304_maritime
62304_maritime,2023-04-05,9.2,6.4,8,7.1,3.2,5.2,3.8,74.8,0,0,0,,0,0,25.2,27.7,207.5,1021.8,62.3,10.1,213.7,18.4,7,10,2023-04-05T06:20:16,2023-04-05T19:31:59,0.48,Partially cloudy,Partly cloudy throughout the day.,partly-cloudy-day,62304_maritime
62304_maritime,2023-04-06,11.2,8.7,9.6,11.2,4.1,6.9,7.7,87.9,6.3,100,66.67,rain,0,0,59.4,44.6,238.5,1014.2,85.4,11.2,68.2,6,5,10,2023-04-06T06:18:03,2023-04-06T19:33:38,0.5,"Rain, Partially cloudy",Partly cloudy throughout the day with a chance of rain throughout the day.,rain,62304_maritime
62304_maritime,2023-04-07,9.7,8.4,8.9,7.1,4.6,6,5.6,79.6,0.3,100,12.5,rain,0,0,38.9,35.3,353.6,1020,32.5,25.6,220.8,19,7,10,2023-04-07T06:15:50,2023-04-07T19:35:17,0.55,"Rain, Partially cloudy",Clearing in the afternoon with morning rain.,rain,62304_maritime
62304_maritime,2023-04-08,9.2,8,8.7,7.8,5,6.3,6.3,85,0,0,0,rain,0,0,24.5,25.9,11.3,1025.6,64.9,21.1,195.6,17,7,10,2023-04-08T06:13:38,2023-04-08T19:36:56,0.58,Partially cloudy,Partly cloudy throughout the day.,partly-cloudy-day,62304_maritime
62304_maritime,2023-04-09,11.5,6,8.6,11.5,3.3,7.4,7.2,91.5,0,0,0,,0,0,21.6,20.5,110.6,1022.6,65.5,1.4,235.1,20.4,7,10,2023-04-09T06:11:26,2023-04-09T19:38:35,0.62,Partially cloudy,Partly cloudy throughout the day.,partly-cloudy-day,62304_maritime
62304_maritime,2023-04-10,12,9.9,11.1,12,5.5,10.9,8,81.5,2.8,100,29.17,rain,0,0,66.6,55.4,209.6,1012.3,82.5,9.4,41,3.5,2,10,2023-04-10T06:09:15,2023-04-10T19:40:14,0.65,"Rain, Partially cloudy",Partly cloudy throughout the day with rain in the morning and afternoon.,rain,"62304_maritime,remote"
62304_maritime,2023-04-11,10.4,8.7,9.5,10.4,3.8,5.6,6.1,79.6,1.9,100,25,rain,0,0,70.6,51.8,229.4,1011.1,61.8,14.4,184.7,16,7,10,2023-04-11T06:07:04,2023-04-11T19:41:53,0.69,"Rain, Partially cloudy",Partly cloudy throughout the day with late afternoon rain.,rain,62304_maritime
62304_maritime,2023-04-12,10.2,8.4,9.3,10.2,2.4,4.6,5.2,75.7,6.7,100,41.67,rain,0,0,114.8,88.9,232.7,996.2,83.7,12.5,223.6,19.3,8,10,2023-04-12T06:04:54,2023-04-12T19:43:33,0.72,"Rain, Partially cloudy",Partly cloudy throughout the day with rain.,rain,"62304_maritime,remote"
62304_maritime,2023-04-13,9.7,8.1,8.9,5.6,3,4.2,4.2,72.4,0.8,100,16.67,rain,0,0,70.6,57.6,254.2,1002,41.4,21.4,250.8,21.7,8,10,2023-04-13T06:02:44,2023-04-13T19:45:12,0.75,"Rain, Partially cloudy",Becoming cloudy in the afternoon with early morning rain.,rain,"62304_maritime,remote"
62304_maritime,2023-04-14,10.8,7.5,9.4,10.8,3.8,6.9,5.3,76,1.4,100,16.67,rain,0,0,45.7,31.7,166.6,1005.7,90.2,33.9,198.8,17.3,7,10,2023-04-14T06:00:35,2023-04-14T19:46:51,0.8,"Rain, Overcast",Cloudy skies throughout the day with late afternoon rain.,rain,"62304_maritime,remote"
62304_maritime,2023-04-15,10.4,8.4,9.6,10.4,5,7.1,7.2,85,11.3,100,33.33,rain,0,0,48.2,37.1,23.5,1015.8,52.4,13.4,227.5,19.5,8,10,2023-04-15T05:58:27,2023-04-15T19:48:30,0.83,"Rain, Partially cloudy",Partly cloudy throughout the day with rain clearing later.,rain,"62304_maritime,remote"
62304_maritime,2023-04-16,10.9,8.7,9.4,10.9,6.3,8.3,6.7,83.2,0,0,0,,0,0,20.5,16.6,18.1,1026.4,75.2,17.5,215.3,18.8,7,10,2023-04-16T05:56:19,2023-04-16T19:50:09,0.87,Partially cloudy,Partly cloudy throughout the day.,partly-cloudy-day,62304_maritime
62304_maritime,2023-04-17,9.4,8.3,8.8,8.5,3.7,5.6,6.8,87.2,0,0,0,rain,0,0,51.8,44.6,42.6,1027.7,84.1,16.7,130.8,11.2,4,10,2023-04-17T05:54:13,2023-04-17T19:51:48,0.9,Partially cloudy,Partly cloudy throughout the day.,partly-cloudy-day,62304_maritime
62304_maritime,2023-04-18,11.2,8.4,9.6,11.2,3.4,6.4,6.5,81.2,0,0,0,rain,0,0,53.6,46.4,43.6,1026,50.4,8.5,125.4,10.9,4,10,2023-04-18T05:52:07,2023-04-18T19:53:27,0.94,Partially cloudy,Partly cloudy throughout the day.,partly-cloudy-day,62304_maritime
62304_maritime,2023-04-19,11.3,10,10.5,11.3,6.3,10.4,6.9,78.3,0,0,0,,0,0,64.8,55.4,61.2,1024,24,8.1,251.5,21.8,8,10,2023-04-19T05:50:02,2023-04-19T19:55:06,0.97,Partially cloudy,Partly cloudy throughout the day.,wind,62304_maritime
62304_maritime,2023-04-20,10.4,8.4,9.7,10.4,3.4,6.3,4.6,71.2,1.7,100,33.33,rain,0,0,77.8,48.2,49.3,1019.2,54.4,15.7,194.9,16.8,8,10,2023-04-20T05:47:57,2023-04-20T19:56:44,0,"Rain, Partially cloudy",Partly cloudy throughout the day with rain.,rain,"62304_maritime,remote"
62304_maritime,2023-04-21,10.2,7.4,8.9,10.2,3.8,6,5.5,79.4,2.6,100,54.17,rain,0,0,46.4,37.1,71.2,1011.6,64.3,14.1,151.2,12.9,6,10,2023-04-21T05:45:54,2023-04-21T19:58:23,0.04,"Rain, Partially cloudy",Partly cloudy throughout the day with a chance of rain throughout the day.,rain,62304_maritime
62304_maritime,2023-04-22,11.4,8.3,9.6,11.4,5.8,8.7,6.8,82.5,0,0,0,rain,0,0,27,25.9,169.2,1006.4,74.4,9.5,193.1,16.8,7,10,2023-04-22T05:43:51,2023-04-22T20:00:02,0.07,Partially cloudy,Partly cloudy throughout the day.,partly-cloudy-day,62304_maritime
62304_maritime,2023-04-23,11.9,8.9,10.8,11.9,5.5,10.5,8.7,87,13.4,100,54.17,rain,0,0,55.4,46.4,210.2,1002,96.6,13.8,40.5,3.6,1,10,2023-04-23T05:41:50,2023-04-23T20:01:40,0.11,"Rain, Overcast",Cloudy skies throughout the day with a chance of rain throughout the day.,rain,62304_maritime
62304_maritime,2023-04-24,9.5,8,8.9,9.2,3.8,6.1,5.4,78.8,6.1,100,41.67,rain,0,0,53.6,42.5,321,1008.7,88.4,16.7,171.4,14.7,8,10,2023-04-24T05:39:49,2023-04-24T20:03:19,0.14,"Rain, Partially cloudy",Partly cloudy throughout the day with rain.,rain,62304_maritime
62304_maritime,2023-04-25,8.3,6.9,7.7,5.8,2.1,4,1.7,65.9,0.7,100,16.67,rain,0,0,50,42.5,16.1,1017.2,52.4,20.8,288.7,25.1,8,10,2023-04-25T05:37:50,2023-04-25T20:04:57,0.17,"Rain, Partially cloudy",Partly cloudy throughout the day with rain clearing later.,rain,62304_maritime
62304_maritime,2023-04-26,9.4,7.4,8.2,5.6,3.9,4.8,1.7,63.6,0,0,0,,0,0,40.3,33.5,101,1019.3,66.7,22.5,272.6,23.7,8,10,2023-04-26T05:35:52,2023-04-26T20:06:35,0.2,Partially cloudy,Partly cloudy throughout the day.,partly-cloudy-day,62304_maritime
62304_maritime,2023-04-27,11.9,8,10,11.9,3.9,8.1,4.4,68.1,0.6,100,12.5,rain,0,0,46.1,35.3,120,1016.9,83,10.9,172,14.8,6,10,2023-04-27T05:33:54,2023-04-27T20:08:13,0.25,"Rain, Partially cloudy",Partly cloudy throughout the day with late afternoon rain.,rain,62304_maritime
62304_maritime,2023-04-28,12.8,10.3,11.3,12.8,10.3,11.3,9.9,91.5,2.7,100,33.33,rain,0,0,53.6,42.5,225.8,1011.6,82,9.3,112.6,9.8,5,10,2023-04-28T05:31:58,2023-04-28T20:09:51,0.27,"Rain, Partially cloudy",Partly cloudy throughout the day with a chance of rain throughout the day.,rain,62304_maritime
62304_maritime,2023-04-29,10.9,9.4,10,10.9,6.3,8.9,6.6,79.5,0,0,0,,0,0,23.4,25.9,40.9,1020.7,42.1,14.8,279.8,24.2,8,10,2023-04-29T05:30:04,2023-04-29T20:11:29,0.3,Partially cloudy,Partly cloudy throughout the day.,partly-cloudy-day,62304_maritime
62304_maritime,2023-04-30,11.8,9.8,10.8,11.8,8.3,10.7,7.8,81.8,0,0,0,,0,0,22,22.3,81.6,1021.5,66.2,7.5,221.2,19.2,7,10,2023-04-30T05:28:10,2023-04-30T20:13:06,0.33,Partially cloudy,Partly cloudy throughout the day.,partly-cloudy-day,62304_maritime
62304_maritime,2023-05-01,12,10.9,11.4,12,10.9,11.4,9.5,88.1,0.4,100,12.5,rain,0,0,29.9,25.9,262.1,1017.6,48.9,6.9,259.7,22.4,8,10,2023-05-01T05:26:18,2023-05-01T20:14:43,0.36,"Rain, Partially cloudy",Partly cloudy throughout the day with morning rain.,rain,62304_maritime
62304_maritime,2023-05-02,12,9.4,10.2,12,5.6,8,6.7,79.3,0.5,100,8.33,rain,0,0,41,31.7,59.5,1026.3,52.6,16.8,279,24.2,8,10,2023-05-02T05:24:27,2023-05-02T20:16:20,0.39,"Rain, Partially cloudy",Partly cloudy throughout the day with rain clearing later.,rain,62304_maritime
62304_maritime,2023-05-03,11.4,9.2,9.9,11.4,5.3,7.1,5.4,73.5,0,0,0,,0,0,53.6,46.4,69.9,1026,31.6,13.3,297.5,25.7,8,10,2023-05-03T05:22:37,2023-05-03T20:17:56,0.43,Partially cloudy,Partly cloudy throughout the day.,partly-cloudy-day,62304_maritime
62304_maritime,2023-05-04,15.7,11,12.4,15.7,11,12.4,8.7,78.2,0.1,100,4.17,rain,0,0,40.3,38.9,93.4,1016.1,75.7,6.8,238.7,20.6,8,10,2023-05-04T05:20:49,2023-05-04T20:19:33,0.46,"Rain, Partially cloudy",Partly cloudy throughout the day with late afternoon rain.,rain,62304_maritime
62304_maritime,2023-05-05,13.3,11.9,12.6,13.3,11.9,12.6,10.8,89.1,0,0,0,rain,0,0,33.5,29.5,211.8,1015.6,62.3,12.3,256.6,22.2,8,10,2023-05-05T05:19:03,2023-05-05T20:21:08,0.5,Partially cloudy,Partly cloudy throughout the day.,partly-cloudy-day,62304_maritime
62304_maritime,2023-05-06,13.9,11.9,12.7,13.9,11.9,12.7,11.3,91.3,3,100,37.5,rain,0,0,19.1,27.7,178.2,1015.2,97.8,11.6,93.2,8.2,5,10,2023-05-06T05:17:17,2023-05-06T20:22:44,0.53,"Rain, Overcast",Cloudy skies throughout the day with rain.,rain,62304_maritime
62304_maritime,2023-05-07,14,11.2,12.7,14,11.2,12.7,11.7,93.7,0.7,100,12.5,rain,0,0,32,37.1,213.9,1017.3,87.6,4.4,217.8,18.8,8,10,2023-05-07T05:15:34,2023-05-07T20:24:18,0.56,"Rain, Partially cloudy",Partly cloudy throughout the day with early morning rain.,rain,"62304_maritime,remote"
62304_maritime,2023-05-08,13,10.4,11.5,13,10.4,11.5,10.7,94.5,0.3,100,12.5,rain,0,0,41.8,37.1,213.2,1020.3,77.5,9.2,198.5,17.3,6,10,2023-05-08T05:13:52,2023-05-08T20:25:53,0.6,"Rain, Partially cloudy",Partly cloudy throughout the day with late afternoon rain.,rain,"62304_maritime,remote"
62304_maritime,2023-05-09,13.4,11.5,12.3,13.4,11.5,12.3,11.4,94.8,4.2,100,45.83,rain,0,0,37.8,37.1,215.8,1011.3,91.5,8,151.2,13,7,10,2023-05-09T05:12:12,2023-05-09T20:27:26,0.63,"Rain, Overcast",Cloudy skies throughout the day with a chance of rain throughout the day.,rain,62304_maritime
62304_maritime,2023-05-10,12.9,11.3,12,12.9,11.3,12,10.5,90.1,1,100,12.5,rain,0,0,35.3,27.7,246.9,1012.2,86.2,13.1,271.2,23.4,8,10,2023-05-10T05:10:33,2023-05-10T20:28:59,0.67,"Rain, Partially cloudy",Partly cloudy throughout the day with early morning rain.,rain,"62304_maritime,remote"
62304_maritime,2023-05-11,12,11.3,11.8,12,11.3,11.8,10.1,89.7,2.1,100,25,rain,0,0,20.5,22.3,249,1015.9,46.2,15.2,309.1,26.5,8,10,2023-05-11T05:08:56,2023-05-11T20:30:32,0.71,"Rain, Partially cloudy",Clearing in the afternoon with rain clearing later.,rain,62304_maritime
62304_maritime,2023-05-12,11.7,9.7,10.9,11.7,6.4,10.6,9.9,93.3,3.5,100,33.33,rain,0,0,76,59.4,14.7,1019.7,95.5,5.4,131.1,11.3,6,10,2023-05-12T05:07:21,2023-05-12T20:32:04,0.75,"Rain, Overcast",Cloudy skies throughout the day with rain in the morning and afternoon.,rain,62304_maritime
62304_maritime,2023-05-13,11.1,9.9,10.6,11.1,6.2,10.3,9.3,91.5,0,0,0,,0,0,72.4,59.4,7.4,1024,83.1,7.8,317.8,27.5,9,10,2023-05-13T05:05:48,2023-05-13T20:33:34,0.78,Partially cloudy,Partly cloudy throughout the day.,wind,"62304_maritime,remote"
62304_maritime,2023-05-14,11.2,9.4,10.2,11.2,5.6,8.5,8.4,88.7,0,0,0,,0,0,41.4,37.1,342.2,1020.6,80.2,10.3,299.5,25.9,8,10,2023-05-14T05:04:17,2023-05-14T20:35:05,0.81,Partially cloudy,Partly cloudy throughout the day.,partly-cloudy-day,62304_maritime
62304_maritime,2023-05-15,12.4,10.7,11.4,12.4,10.7,11.4,8,80.4,0.5,100,12.5,rain,0,0,53.6,48.2,344.5,1018.6,80.1,13.7,167.5,14.5,6,10,2023-05-15T05:02:47,2023-05-15T20:36:34,0.85,"Rain, Partially cloudy",Partly cloudy throughout the day with a chance of rain throughout the day.,rain,62304_maritime
62304_maritime,2023-05-16,12.3,10.7,11.5,12.3,10.7,11.5,6.4,71.4,0,0,0,rain,0,0,37.8,29.5,346,1024.2,15.9,23,298.7,25.8,9,10,2023-05-16T05:01:20,2023-05-16T20:38:02,0.88,Clear,Clear conditions throughout the day.,clear-day,62304_maritime
62304_maritime,2023-05-17,12.3,11.2,11.7,12.3,11.2,11.7,8.1,79.1,0,0,0,rain,0,0,31.7,31.7,56.9,1028.2,52.1,19.2,263.8,22.7,8,10,2023-05-17T04:59:55,2023-05-17T20:39:30,0.92,Partially cloudy,Partly cloudy throughout the day.,partly-cloudy-day,62304_maritime
62304_maritime,2023-05-18,11,10.4,10.7,11,10.4,10.7,6,73,0,0,0,,0,0,33.1,29.5,52.7,1028.3,36.7,20,320.3,27.6,9,10,2023-05-18T04:58:32,2023-05-18T20:40:56,0.96,Partially cloudy,Clearing in the afternoon.,partly-cloudy-day,62304_maritime
62304_maritime,2023-05-19,12.2,11.2,11.8,12.2,11.2,11.8,9.3,85,0,0,0,,0,0,43.2,40.7,27,1026.5,37.5,11.7,300.5,26,8,10,2023-05-19T04:57:11,2023-05-19T20:42:22,0,Partially cloudy,Partly cloudy throughout the day.,partly-cloudy-day,62304_maritime
62304_maritime,2023-05-20,12.9,11.8,12.3,12.9,11.8,12.3,10.2,86.6,0,0,0,,0,0,53.6,44.6,23.7,1023.1,33.6,9.5,314.4,27.1,9,10,2023-05-20T04:55:52,2023-05-20T20:43:46,0.03,Partially cloudy,Partly cloudy throughout the day.,partly-cloudy-day,62304_maritime
62304_maritime,2023-05-21,12.5,12,12.3,12.5,12,12.3,10.4,87.8,0,0,0,,0,0,48.2,38.9,12.5,1019.8,49.5,10.4,324,27.9,9,10,2023-05-21T04:54:35,2023-05-21T20:45:09,0.06,Partially cloudy,Partly cloudy throughout the day.,partly-cloudy-day,62304_maritime
62304_maritime,2023-05-22,13.7,12,12.8,13.7,12,12.8,10.3,84.8,0,0,0,,0,0,50,40.7,352.4,1019.3,63.6,12.5,228.9,19.7,8,10,2023-05-22T04:53:21,2023-05-22T20:46:31,0.09,Partially cloudy,Partly cloudy throughout the day.,partly-cloudy-day,62304_maritime
62304_maritime,2023-05-23,12.7,11.4,11.9,12.7,11.4,11.9,8.1,78,0,0,0,,0,0,57.6,42.5,22.4,1025.5,63.6,14.6,292.9,25.2,7,10,2023-05-23T04:52:09,2023-05-23T20:47:51,0.12,Partially cloudy,Partly cloudy throughout the day.,partly-cloudy-day,62304_maritime
62304_maritime,2023-05-24,13.5,10.9,12.3,13.5,10.9,12.3,8.6,78.6,0,0,0,,0,0,28.1,25.9,335.3,1025.5,73.2,17.9,260.9,22.6,9,10,2023-05-24T04:50:59,2023-05-24T20:49:10,0.15,Partially cloudy,Partly cloudy throughout the day.,partly-cloudy-day,62304_maritime
62304_maritime,2023-05-25,12.8,11.8,12.4,12.8,11.8,12.4,9.5,82.5,0,0,0,,0,0,50.8,42.5,39.1,1028.6,34.1,16.3,328,28.3,9,10,2023-05-25T04:49:52,2023-05-25T20:50:27,0.19,Partially cloudy,Partly cloudy throughout the day.,partly-cloudy-day,62304_maritime
62304_maritime,2023-05-26,12.9,11.4,12,12.9,11.4,12,8.2,77.2,0,0,0,,0,0,59.4,48.2,49.2,1030.3,25.7,10,342.5,29.5,9,10,2023-05-26T04:48:47,2023-05-26T20:51:43,0.22,Partially cloudy,Partly cloudy throughout the day.,partly-cloudy-day,62304_maritime
62304_maritime,2023-05-27,12.9,11.9,12.3,12.9,11.9,12.3,9.3,82,0,0,0,,0,0,50,40.7,51.9,1026,19.5,10.2,335,28.8,9,10,2023-05-27T04:47:45,2023-05-27T20:52:58,0.25,Clear,Clear conditions throughout the day.,clear-day,62304_maritime
62304_maritime,2023-05-28,13.5,12,12.9,13.5,12,12.9,11,88.3,0,0,0,,0,0,63,50,31.4,1022.4,43.5,7,322.4,27.9,9,10,2023-05-28T04:46:46,2023-05-28T20:54:11,0.28,Partially cloudy,Partly cloudy throughout the day.,wind,62304_maritime
62304_maritime,2023-05-29,12.9,11.9,12.2,12.9,11.9,12.2,8.1,75.9,0,0,0,,0,0,63,51.8,41,1026.3,67.9,13.1,311.3,27,9,10,2023-05-29T04:45:49,2023-05-29T20:55:21,0.32,Partially cloudy,Partly cloudy throughout the day.,wind,"62304_maritime,remote"
62304_maritime,2023-05-30,12.4,11.9,12.2,12.4,11.9,12.2,8.6,78.7,0,0,0,rain,0,0,57.6,50,40.5,1028,70.2,17.3,229.5,19.9,8,10,2023-05-30T04:44:54,2023-05-30T20:56:31,0.35,Partially cloudy,Partly cloudy throughout the day.,wind,"62304_maritime,remote"
62304_maritime,2023-05-31,12.9,12,12.6,12.9,12,12.6,10.4,86.8,0,0,0,rain,0,0,63,57.6,34.1,1025.5,58.2,13.4,334.3,28.9,9,10,2023-05-31T04:44:03,2023-05-31T20:57:38,0.38,Partially cloudy,Clearing in the afternoon.,wind,"62304_maritime,remote"
62304_maritime,2023-06-01,12.3,11.4,11.8,12.3,11.4,11.8,9.1,83.5,0,0,0,rain,0,0,63,55.4,32.2,1024.5,74.4,13.9,154.5,13.4,5,10,2023-06-01T04:43:14,2023-06-01T20:58:43,0.41,Partially cloudy,Partly cloudy throughout the day.,wind,62304_maritime
62304_maritime,2023-06-02,12.4,11.2,11.7,12.4,11.2,11.7,7.5,75.6,0,0,0,rain,0,0,64.8,55.4,29.8,1023.4,68.9,15.5,165.9,14.5,7,10,2023-06-02T04:42:28,2023-06-02T20:59:46,0.45,Partially cloudy,Partly cloudy throughout the day.,wind,"62304_maritime,remote"
62304_maritime,2023-06-03,14.4,12.4,13.2,14.4,12.4,13.2,11,86.6,0,0,0,,0,0,50,40.7,24.9,1021.9,9.6,12.3,339.3,29.3,9,10,2023-06-03T04:41:44,2023-06-03T21:00:48,0.48,Clear,Clear conditions throughout the day.,clear-day,"62304_maritime,remote"
62304_maritime,2023-06-04,13.8,12.5,13.2,13.8,12.5,13.2,10.9,85.9,0,0,0,,0,0,59.4,50,30.8,1022.8,7.4,11.8,347.5,29.8,9,10,2023-06-04T04:41:04,2023-06-04T21:01:47,0.5,Clear,Clear conditions throughout the day.,wind,"62304_maritime,remote"
62304_maritime,2023-06-05,12.4,11.8,12.2,12.4,11.8,12.2,9,80.7,0,0,0,,0,0,59.4,42.5,28.3,1023.5,45.6,17.9,322.6,27.8,9,10,2023-06-05T04:40:26,2023-06-05T21:02:43,0.55,Partially cloudy,Partly cloudy throughout the day.,partly-cloudy-day,62304_maritime
62304_maritime,2023-06-06,12.8,12.2,12.4,12.8,12.2,12.4,9.2,80.6,0,0,0,,0,0,51.8,44.6,29.4,1022.4,47.3,16.3,241.2,20.9,7,10,2023-06-06T04:39:51,2023-06-06T21:03:38,0.58,Partially cloudy,Partly cloudy throughout the day.,partly-cloudy-day,62304_maritime
62304_maritime,2023-06-07,12.8,11.9,12.4,12.8,11.9,12.4,10.3,86.8,0,0,0,,0,0,53.6,42.5,32.9,1021.3,38.6,10,340.8,29.5,9,10,2023-06-07T04:39:19,2023-06-07T21:04:30,0.62,Partially cloudy,Clearing in the afternoon.,partly-cloudy-day,62304_maritime
62304_maritime,2023-06-08,13.7,12.3,12.9,13.7,12.3,12.9,11.2,89.1,0,0,0,,0,0,53.6,44.6,27.3,1017.7,24.6,8.3,340,29.3,9,10,2023-06-08T04:38:50,2023-06-08T21:05:20,0.65,Partially cloudy,Partly cloudy throughout the day.,partly-cloudy-day,"62304_maritime,remote"
62304_maritime,2023-06-09,15.7,13.7,14.5,15.7,13.7,14.5,12.9,90.1,0,0,0,,0,0,48.2,40.7,32.1,1013,0.2,4.8,339,29.2,9,10,2023-06-09T04:38:24,2023-06-09T21:06:07,0.69,Clear,Clear conditions throughout the day.,clear-day,62304_maritime
62304_maritime,2023-06-10,18.4,15.8,17.3,18.4,15.8,17.3,13.5,78.3,0,0,0,,0,0,42.8,33.5,72.1,1012.7,8.4,7.3,335.4,28.8,9,10,2023-06-10T04:38:02,2023-06-10T21:06:52,0.75,Clear,Clear conditions throughout the day.,clear-day,62304_maritime
62304_maritime,2023-06-11,18.8,15.2,16.7,18.8,15.2,16.7,14,84.4,0,0,0,,0,0,50,27.7,174.7,1013.8,18,6.3,338.9,29.2,9,10,2023-06-11T04:37:42,2023-06-11T21:07:34,0.76,Clear,Clear conditions throughout the day.,clear-day,62304_maritime
62304_maritime,2023-06-12,17,14.2,15.3,17,14.2,15.3,14,92.3,0,0,0,,0,0,36,35.3,250.4,1014.6,51,14,318.3,27.5,9,10,2023-06-12T04:37:25,2023-06-12T21:08:14,0.8,Partially cloudy,Partly cloudy throughout the day.,partly-cloudy-day,"62304_maritime,remote"
62304_maritime,2023-06-13,18.3,14.8,16.2,18.3,14.8,16.2,12.8,80.6,0,0,0,,0,0,44.3,37.1,31.8,1013,27.4,9.7,347.3,29.8,9,10,2023-06-13T04:37:11,2023-06-13T21:08:51,0.83,Partially cloudy,Partly cloudy throughout the day.,partly-cloudy-day,62304_maritime
62304_maritime,2023-06-14,15.9,15,15.5,15.9,15,15.5,13.4,87.3,0,0,0,,0,0,36.4,33.5,13.6,1016.4,6.2,10.8,351.8,30.3,9,10,2023-06-14T04:37:00,2023-06-14T21:09:25,0.87,Clear,Clear conditions throughout the day.,clear-day,62304_maritime
62304_maritime,2023-06-15,16.9,15.3,15.9,16.9,15.3,15.9,13.5,85.6,0,0,0,,0,0,26.6,25.9,22.9,1019.5,12.3,11.4,346.7,30,9,10,2023-06-15T04:36:52,2023-06-15T21:09:56,0.9,Clear,Clear conditions throughout the day.,clear-day,"62304_maritime,remote"
62304_maritime,2023-06-16,16,14.8,15.2,16,14.8,15.2,13.5,89.9,0,0,0,,0,0,22.3,20.5,18.8,1019.3,16.4,12.7,355,30.7,9,10,2023-06-16T04:36:47,2023-06-16T21:10:25,0.94,Clear,Clear conditions throughout the day.,clear-day,"62304_maritime,remote"
62304_maritime,2023-06-17,18.2,15.4,16.7,18.2,15.4,16.7,13.9,83.9,0.2,100,4.17,rain,0,0,23,27.7,76.2,1014.3,96.4,14.2,254.5,21.9,7,10,2023-06-17T04:36:45,2023-06-17T21:10:51,0.97,"Rain, Overcast",Cloudy skies throughout the day with afternoon rain.,rain,62304_maritime
62304_maritime,2023-06-18,19.9,16.8,18.2,19.9,16.8,18.2,15.8,86,9.4,100,41.67,rain,0,0,49,37.4,135.7,1009.7,99.5,7.6,173.6,15.1,7,10,2023-06-18T04:36:46,2023-06-18T21:11:13,0,"Rain, Overcast",Cloudy skies throughout the day with a chance of rain throughout the day.,rain,"62304_maritime,remote"
62304_maritime,2023-06-19,17.5,14.5,16,17.5,14.5,16,14.6,91.6,0,0,0,,0,0,50,40.7,229.3,1011.5,72.9,6.4,319.8,27.7,9,10,2023-06-19T04:36:50,2023-06-19T21:11:33,0.04,Partially cloudy,Partly cloudy throughout the day.,partly-cloudy-day,62304_maritime
62304_maritime,2023-06-20,18.9,16.5,17.4,18.9,16.5,17.4,15.7,89.4,4.5,100,25,rain,0,0,33.5,33.5,176.2,1009.5,89.4,10.7,190.9,16.4,7,10,2023-06-20T04:36:58,2023-06-20T21:11:50,0.07,"Rain, Partially cloudy",Partly cloudy throughout the day with a chance of rain throughout the day.,rain,"62304_maritime,remote"
62304_maritime,2023-06-21,16.5,14.9,15.7,16.5,14.9,15.7,14.5,92.5,0,0,0,,0,0,46.4,38.9,225.1,1016.5,57.4,13.8,337.7,29.1,9,10,2023-06-21T04:37:08,2023-06-21T21:12:04,0.11,Partially cloudy,Clearing in the afternoon.,partly-cloudy-day,62304_maritime
62304_maritime,2023-06-22,17.7,15.8,16.4,17.7,15.8,16.4,14.5,88.8,0,0,0,,0,0,13,18.4,290.4,1018.8,77.2,12.8,237.3,20.5,7,10,2023-06-22T04:37:21,2023-06-22T21:12:15,0.14,Partially cloudy,Partly cloudy throughout the day.,partly-cloudy-day,62304_maritime
62304_maritime,2023-06-23,18.4,15.8,16.8,18.4,15.8,16.8,14.7,87.3,0,0,0,,0,0,39.2,37.1,216.6,1023.7,38.2,12.7,303.5,26.4,8,10,2023-06-23T04:37:37,2023-06-23T21:12:23,0.17,Partially cloudy,Partly cloudy throughout the day.,partly-cloudy-day,"62304_maritime,remote"
62304_maritime,2023-06-24,16.8,14.9,16.1,16.8,14.9,16.1,15,93.5,0,0,0,,0,0,38.9,33.5,232.3,1023.7,11,8.3,319.4,27.4,9,10,2023-06-24T04:37:56,2023-06-24T21:12:28,0.2,Clear,Clear conditions throughout the day.,clear-day,62304_maritime
62304_maritime,2023-06-25,24.2,16.9,19.6,24.2,16.9,19.6,15.5,78.8,0,0,0,,0,0,55.4,46.4,184.2,1015.9,5.5,10.1,342.5,29.6,9,10,2023-06-25T04:38:18,2023-06-25T21:12:29,0.24,Clear,Clear conditions throughout the day.,clear-day,62304_maritime
62304_maritime,2023-06-26,17.4,15.9,16.7,17.4,15.9,16.7,13.6,81.8,0,0,0,rain,0,0,55.1,42.5,247.5,1019,70.7,14.9,254.8,21.8,8,10,2023-06-26T04:38:42,2023-06-26T21:12:28,0.25,Partially cloudy,Becoming cloudy in the afternoon.,partly-cloudy-day,62304_maritime
62304_maritime,2023-06-27,17.4,16,16.7,17.4,16,16.7,13.4,80.9,0,0,0,,0,0,44.6,37.1,240.2,1021.1,81.4,17.9,272.9,23.8,8,10,2023-06-27T04:39:10,2023-06-27T21:12:24,0.3,Partially cloudy,Partly cloudy throughout the day.,partly-cloudy-day,62304_maritime
62304_maritime,2023-06-28,17.4,16.7,16.9,17.4,16.7,16.9,15.9,93.4,0,0,0,rain,0,0,41,37.1,215.5,1017.8,92.5,5.3,188.7,16.2,6,10,2023-06-28T04:39:40,2023-06-28T21:12:16,0.34,Overcast,Cloudy skies throughout the day.,cloudy,62304_maritime
62304_maritime,2023-06-29,17.4,14.8,16.4,17.4,14.8,16.4,14.6,89.4,2.2,100,20.83,rain,0,0,59.8,46.4,249.1,1015.8,81,17,109.5,9.4,5,10,2023-06-29T04:40:13,2023-06-29T21:12:06,0.37,"Rain, Partially cloudy",Partly cloudy throughout the day with rain in the morning and afternoon.,rain,62304_maritime
62304_maritime,2023-06-30,16.8,15.8,16.3,16.8,15.8,16.3,13.3,82.4,0.3,100,8.33,rain,0,0,68.4,55.4,221.9,1013.3,85.7,17.7,215.8,18.6,9,10,2023-06-30T04:40:49,2023-06-30T21:11:52,0.4,"Rain, Partially cloudy",Partly cloudy throughout the day with late afternoon rain.,rain,62304_maritime
62304_maritime,2023-07-01,17.5,16.4,16.8,17.5,16.4,16.8,15.2,90.5,1.9,100,37.5,rain,0,0,83.5,66.6,239.9,1005.9,89.5,6.9,171.7,14.9,9,10,2023-07-01T04:41:27,2023-07-01T21:11:36,0.43,"Rain, Partially cloudy",Partly cloudy throughout the day with a chance of rain throughout the day.,rain,62304_maritime
62304_maritime,2023-07-02,17.9,15.9,16.5,17.9,15.9,16.5,12,74.8,0,0,0,rain,0,0,69.5,50,252.3,1011.2,34.7,11.3,315.7,27.2,8,10,2023-07-02T04:42:08,2023-07-02T21:11:16,0.47,Partially cloudy,Partly cloudy throughout the day.,wind,"62304_maritime,remote"
62304_maritime,2023-07-03,17,14.9,16,17,14.9,16,11.4,74.6,0,0,0,rain,0,0,79.6,64.8,248.6,1011.4,57.4,14,234.8,20.2,8,10,2023-07-03T04:42:51,2023-07-03T21:10:53,0.5,Partially cloudy,Partly cloudy throughout the day.,wind,62304_maritime
62304_maritime,2023-07-04,16.8,14.4,16,16.8,14.4,16,12.4,79.6,15.1,100,16.67,rain,0,0,53.6,44.6,247,1010.7,85.4,14.5,228,19.6,7,10,2023-07-04T04:43:37,2023-07-04T21:10:27,0.53,"Rain, Partially cloudy",Partly cloudy throughout the day with late afternoon rain.,rain,62304_maritime
62304_maritime,2023-07-05,16.8,13.5,15.4,16.8,13.5,15.4,12.1,80.9,4.4,100,29.17,rain,0,0,70.6,55.4,253.4,1010.2,55.4,15.9,277.4,24.1,8,10,2023-07-05T04:44:25,2023-07-05T21:09:59,0.57,"Rain, Partially cloudy",Partly cloudy throughout the day with rain.,rain,"62304_maritime,remote"
62304_maritime,2023-07-06,17.4,15.7,16.2,17.4,15.7,16.2,12.2,77.1,0,0,0,,0,0,39.2,33.5,242.1,1016.9,31.5,19.3,333.6,28.8,9,10,2023-07-06T04:45:15,2023-07-06T21:09:27,0.6,Partially cloudy,Partly cloudy throughout the day.,partly-cloudy-day,62304_maritime
62304_maritime,2023-07-07,22.8,16.7,19.2,22.8,16.7,19.2,13.4,70,0,0,0,,0,0,31,25.9,96.7,1016.2,10,19.6,341.3,29.5,9,10,2023-07-07T04:46:08,2023-07-07T21:08:52,0.64,Clear,Clear conditions throughout the day.,clear-day,62304_maritime
62304_maritime,2023-07-08,22.2,18,19.7,22.2,18,19.7,15.3,76.4,0,0,0,rain,0,0,24.8,25.9,172.1,1015.4,49.7,13.3,298.6,25.6,8,10,2023-07-08T04:47:03,2023-07-08T21:08:14,0.67,Partially cloudy,Partly cloudy throughout the day.,partly-cloudy-day,62304_maritime
62304_maritime,2023-07-09,20.5,16.3,17.9,20.5,16.3,17.9,15.1,83.9,0.5,100,8.33,rain,0,0,24.8,25.9,246.4,1019.5,89.4,21.7,96.6,8.3,4,10,2023-07-09T04:48:00,2023-07-09T21:07:34,0.71,"Rain, Partially cloudy",Partly cloudy throughout the day with afternoon rain.,rain,62304_maritime
62304_maritime,2023-07-10,19.2,16.8,17.5,19.2,16.8,17.5,14.4,82.1,0,0,0,,0,0,27,24.1,218.9,1020.4,42,20,318.3,27.7,9,10,2023-07-10T04:48:59,2023-07-10T21:06:51,0.75,Partially cloudy,Partly cloudy throughout the day.,partly-cloudy-day,62304_maritime
62304_maritime,2023-07-11,19.4,16.4,17.9,19.4,16.4,17.9,15.2,84.4,0.2,100,8.33,rain,0,0,55.1,38.9,213.2,1012,97.5,17.9,140.1,12.1,4,10,2023-07-11T04:50:00,2023-07-11T21:06:04,0.78,"Rain, Overcast",Cloudy skies throughout the day with rain.,rain,62304_maritime
62304_maritime,2023-07-12,16.9,15.7,16.6,16.9,15.7,16.6,14.3,86.2,0.3,100,12.5,rain,0,0,68.4,53.6,236.9,1012.2,51.5,11.3,281,24.3,8,10,2023-07-12T04:51:03,2023-07-12T21:05:15,0.81,"Rain, Partially cloudy",Partly cloudy throughout the day with early morning rain.,rain,62304_maritime
62304_maritime,2023-07-13,17.2,16.2,16.7,17.2,16.2,16.7,14.2,85.1,0,0,0,rain,0,0,55.4,46.4,235.5,1016.7,52.6,12.9,322,27.7,8,10,2023-07-13T04:52:08,2023-07-13T21:04:24,0.85,Partially cloudy,Partly cloudy throughout the day.,partly-cloudy-day,62304_maritime
62304_maritime,2023-07-14,23,16.4,18.6,23,16.4,18.6,14.4,77.3,2.1,100,25,rain,0,0,53.6,44.6,197.3,1010.6,96.9,17,84.3,7.2,3,10,2023-07-14T04:53:15,2023-07-14T21:03:29,0.88,"Rain, Overcast",Cloudy skies throughout the day with rain.,rain,"62304_maritime,remote"
62304_maritime,2023-07-15,18.5,16.9,17.7,18.5,16.9,17.7,14.5,81.4,0.2,100,8.33,rain,0,0,83.5,64.8,223.1,1004.1,58.8,12.9,312,26.8,9,10,2023-07-15T04:54:24,2023-07-15T21:02:32,0.92,"Rain, Partially cloudy",Clearing in the afternoon with rain.,rain,62304_maritime
62304_maritime,2023-07-16,17.5,16.5,16.9,17.5,16.5,16.9,13.2,78.8,1.5,100,33.33,rain,0,0,81.7,64.8,230.3,1011.4,81,9.1,295.4,25.4,8,10,2023-07-16T04:55:34,2023-07-16T21:01:32,0.95,"Rain, Partially cloudy",Partly cloudy throughout the day with rain.,rain,62304_maritime
62304_maritime,2023-07-17,16.9,16.4,16.6,16.9,16.4,16.6,13.6,82.1,1.4,100,25,rain,0,0,53.6,46.4,233,1018.5,51.5,11,276.5,23.7,9,10,2023-07-17T04:56:46,2023-07-17T21:00:30,0,"Rain, Partially cloudy",Partly cloudy throughout the day with rain clearing later.,rain,62304_maritime
62304_maritime,2023-07-18,18.2,15.9,16.9,18.2,15.9,16.9,13.6,81,0,0,0,,0,0,36.4,29.5,235.1,1018.5,70.9,17.1,285.3,24.7,9,10,2023-07-18T04:57:59,2023-07-18T20:59:25,0.02,Partially cloudy,Partly cloudy throughout the day.,partly-cloudy-day,62304_maritime
62304_maritime,2023-07-19,18.2,16.7,17.4,18.2,16.7,17.4,14.5,83.5,0.5,100,16.67,rain,0,0,51.8,38.9,245.7,1015.1,75.8,16.8,214,18.4,7,10,2023-07-19T04:59:14,2023-07-19T20:58:17,0.06,"Rain, Partially cloudy",Partly cloudy throughout the day with rain.,rain,"62304_maritime,remote"
62304_maritime,2023-07-20,17.5,16.4,17,17.5,16.4,17,14.1,82.9,0.9,100,16.67,rain,0,0,23,14.8,81.9,1015.3,71.7,38.1,275.4,23.9,8,10,2023-07-20T05:00:30,2023-07-20T20:57:07,0.09,"Rain, Partially cloudy",Partly cloudy throughout the day with morning rain.,rain,62304_maritime
62304_maritime,2023-07-21,17.8,15.9,17,17.8,15.9,17,12.6,76,1,100,16.67,rain,0,0,50,42.5,270.8,1013.4,68.3,16.8,260.8,22.5,9,10,2023-07-21T05:01:48,2023-07-21T20:55:55,0.12,"Rain, Partially cloudy",Partly cloudy throughout the day with rain.,rain,62304_maritime
62304_maritime,2023-07-22,18.4,15.9,16.9,18.4,15.9,16.9,12.7,76.6,2.1,100,29.17,rain,0,0,83.5,59.4,234.8,1012.4,99.6,15.5,163.1,14,7,10,2023-07-22T05:03:07,2023-07-22T20:54:41,0.16,"Rain, Overcast",Cloudy skies throughout the day with a chance of rain throughout the day.,rain,62304_maritime
62304_maritime,2023-07-23,17.9,16.5,17.4,17.9,16.5,17.4,15.2,87,2,100,16.67,rain,0,0,80.3,63,221.2,1005.2,93.2,9.6,241.7,20.8,8,10,2023-07-23T05:04:27,2023-07-23T20:53:24,0.19,"Rain, Overcast",Cloudy skies throughout the day with rain clearing later.,rain,"62304_maritime,remote"
62304_maritime,2023-07-24,17.4,15.7,16.7,17.4,15.7,16.7,13.8,83.5,4.2,100,16.67,rain,0,0,42.5,38.9,286.7,1004.9,90.8,17.9,182.5,15.7,8,10,2023-07-24T05:05:48,2023-07-24T20:52:04,0.22,"Rain, Overcast",Cloudy skies throughout the day with rain in the morning and afternoon.,rain,62304_maritime
62304_maritime,2023-07-25,17.8,14.7,16.2,17.8,14.7,16.2,10.9,70.6,0.7,100,25,rain,0,0,38.2,33.5,319.1,1009.9,74.5,25,243.6,21,9,10,2023-07-25T05:07:10,2023-07-25T20:50:43,0.25,"Rain, Partially cloudy",Partly cloudy throughout the day with rain.,rain,62304_maritime
62304_maritime,2023-07-26,17.5,15.5,16.6,17.5,15.5,16.6,11.8,73.1,5.2,100,12.5,rain,0,0,46.4,38.9,248.7,1012.7,48.6,19.5,281.4,24.4,8,10,2023-07-26T05:08:33,2023-07-26T20:49:19,0.29,"Rain, Partially cloudy",Becoming cloudy in the afternoon with late afternoon rain.,rain,"62304_maritime,remote"
62304_maritime,2023-07-27,17.7,16,17.3,17.7,16,17.3,16.2,93.3,14.5,100,75,rain,0,0,94.7,63,233.5,1005.1,100,5.3,56.3,4.8,3,10,2023-07-27T05:09:58,2023-07-27T20:47:54,0.32,"Rain, Overcast",Cloudy skies throughout the day with a chance of rain throughout the day.,rain,62304_maritime
62304_maritime,2023-07-28,17.9,17,17.6,17.9,17,17.6,16.3,92.1,0,0,0,rain,0,0,57.6,46.4,227.4,1006.7,86.5,14.5,149.9,12.9,5,10,2023-07-28T05:11:23,2023-07-28T20:46:26,0.36,Partially cloudy,Partly cloudy throughout the day.,partly-cloudy-day,"62304_maritime,remote"
62304_maritime,2023-07-29,18,17,17.7,18,17,17.7,15.4,86.3,1.3,100,25,rain,0,0,64.8,51.8,231.6,1007.4,60.9,13.3,276.9,23.9,8,10,2023-07-29T05:12:49,2023-07-29T20:44:56,0.39,"Rain, Partially cloudy",Partly cloudy throughout the day with rain clearing later.,rain,"62304_maritime,remote"
62304_maritime,2023-07-30,18,16.4,17.5,18,16.4,17.5,14.6,83.2,2.9,100,20.83,rain,0,0,81.7,57.6,245.8,1011.5,73.7,9.7,228,19.8,8,10,2023-07-30T05:14:16,2023-07-30T20:43:24,0.42,"Rain, Partially cloudy",Partly cloudy throughout the day with rain.,rain,62304_maritime
62304_maritime,2023-07-31,17.9,17,17.5,17.9,17,17.5,15.8,90.1,3.7,100,41.67,rain,0,0,79.6,61.2,236.7,1006,99.4,8.1,58.5,5,2,10,2023-07-31T05:15:43,2023-07-31T20:41:51,0.46,"Rain, Overcast",Cloudy skies throughout the day with a chance of rain throughout the day.,rain,62304_maritime
62304_maritime,2023-08-01,17.9,16.2,17.1,17.9,16.2,17.1,14.2,82.9,0.1,100,4.17,rain,0,0,61.2,51.8,249,1001.8,73.4,14.2,228.4,19.6,8,10,2023-08-01T05:17:11,2023-08-01T20:40:15,0.5,"Rain, Partially cloudy",Partly cloudy throughout the day with morning rain.,rain,62304_maritime
62304_maritime,2023-08-02,18.2,16.4,17.3,18.2,16.4,17.3,15.2,87.3,12.1,100,50,rain,0,0,87.1,66.6,224.3,990.4,93.6,8.8,204.8,17.5,8,10,2023-08-02T05:18:40,2023-08-02T20:38:38,0.52,"Rain, Overcast",Cloudy skies throughout the day with a chance of rain throughout the day.,rain,62304_maritime
62304_maritime,2023-08-03,18.3,15.4,17.4,18.3,15.4,17.4,13.8,79.7,0.9,100,8.33,rain,0,0,57.6,46.4,299.4,1002.9,88,19.2,218.2,18.8,8,10,2023-08-03T05:20:10,2023-08-03T20:36:59,0.56,"Rain, Partially cloudy",Partly cloudy throughout the day with early morning rain.,rain,"62304_maritime,remote"
62304_maritime,2023-08-04,18.2,16.5,17.3,18.2,16.5,17.3,14.2,81.9,2.6,100,37.5,rain,0,0,30.6,24.1,332.1,1015.8,77.4,22.9,263.3,22.8,8,10,2023-08-04T05:21:40,2023-08-04T20:35:18,0.59,"Rain, Partially cloudy",Partly cloudy throughout the day with rain.,rain,62304_maritime
62304_maritime,2023-08-05,17.4,14.4,16.5,17.4,14.4,16.5,13.3,81.9,13.8,100,79.17,rain,0,0,66.6,57.6,227.6,1008.6,97.9,19.4,65.1,5.4,8,10,2023-08-05T05:23:10,2023-08-05T20:33:35,0.63,"Rain, Overcast",Cloudy skies throughout the day with a chance of rain throughout the day.,rain,"62304_maritime,remote"
62304_maritime,2023-08-06,18,13.9,16,18,13.9,16,10.8,72.1,3.3,100,25,rain,0,0,88.9,64.8,324.1,1013.6,61,22.8,261.3,22.5,8,10,2023-08-06T05:24:41,2023-08-06T20:31:51,0.66,"Rain, Partially cloudy",Partly cloudy throughout the day with rain.,rain,62304_maritime
62304_maritime,2023-08-07,17.9,14.8,16.4,17.9,14.8,16.4,12.5,77.4,0.3,100,8.33,rain,0,0,54.4,44.6,267.9,1018.7,52.1,20,231.1,20,8,10,2023-08-07T05:26:13,2023-08-07T20:30:05,0.69,"Rain, Partially cloudy",Partly cloudy throughout the day with rain.,rain,62304_maritime
62304_maritime,2023-08-08,17.7,15.3,16.5,17.7,15.3,16.5,12.8,78.7,1.3,100,25,rain,0,0,66.6,57.6,259.2,1015.3,80.3,21.4,132.8,11.3,7,10,2023-08-08T05:27:44,2023-08-08T20:28:18,0.75,"Rain, Partially cloudy",Partly cloudy throughout the day with rain.,rain,62304_maritime
62304_maritime,2023-08-09,18.2,15.5,17,18.2,15.5,17,12.5,75.2,0.1,100,4.17,rain,0,0,43.2,33.5,290.8,1017.7,62.2,38.3,276.1,23.8,8,10,2023-08-09T05:29:17,2023-08-09T20:26:29,0.76,"Rain, Partially cloudy",Partly cloudy throughout the day with early morning rain.,rain,62304_maritime
62304_maritime,2023-08-10,19.9,17.4,18.6,19.9,17.4,18.6,13.7,73.1,0,0,0,,0,0,18.4,20.5,113,1020,16.8,23.1,283.2,24.4,8,10,2023-08-10T05:30:49,2023-08-10T20:24:39,0.8,Clear,Clear conditions throughout the day.,clear-day,"62304_maritime,remote"
62304_maritime,2023-08-11,20,18.5,19,20,18.5,19,16.9,87.9,0,0,0,rain,0,0,38.9,35.3,221.3,1018.7,86.1,13.7,193.8,16.8,7,10,2023-08-11T05:32:22,2023-08-11T20:22:47,0.83,Partially cloudy,Partly cloudy throughout the day.,partly-cloudy-day,62304_maritime
62304_maritime,2023-08-12,18.8,17.3,18,18.8,17.3,18,15.9,87.2,0,0,0,,0,0,57.6,48.2,229.9,1016.1,76.6,13.8,277.3,24,8,10,2023-08-12T05:33:55,2023-08-12T20:20:54,0.87,Partially cloudy,Partly cloudy throughout the day.,partly-cloudy-day,62304_maritime
62304_maritime,2023-08-13,18,17.7,17.9,18,17.7,17.9,15.2,84.4,0.3,100,12.5,rain,0,0,51.8,42.5,224.2,1015.6,81.3,17.5,209.5,18.1,8,10,2023-08-13T05:35:28,2023-08-13T20:19:00,0.9,"Rain, Partially cloudy",Partly cloudy throughout the day with rain in the morning and afternoon.,rain,62304_maritime
62304_maritime,2023-08-14,19.2,17.4,18.3,19.2,17.4,18.3,15,81.1,1.3,100,8.33,rain,0,0,41.4,37.1,209.8,1012.6,80.9,19.2,263.4,22.6,7,10,2023-08-14T05:37:01,2023-08-14T20:17:05,0.93,"Rain, Partially cloudy",Partly cloudy throughout the day with morning rain.,rain,62304_maritime
62304_maritime,2023-08-15,18.5,17.7,18,18.5,17.7,18,15.1,83.6,0.5,100,16.67,rain,0,0,33.1,33.5,240.7,1016,37.8,21,276.1,23.8,8,10,2023-08-15T05:38:35,2023-08-15T20:15:08,0.97,"Rain, Partially cloudy",Clearing in the afternoon with rain clearing later.,rain,62304_maritime
62304_maritime,2023-08-16,18.8,17.3,18.1,18.8,17.3,18.1,15.8,86.6,0,0,0,,0,0,34.9,24.1,52.8,1020.3,74.3,18.3,267.5,23.1,8,10,2023-08-16T05:40:09,2023-08-16T20:13:10,0,Partially cloudy,Partly cloudy throughout the day.,partly-cloudy-day,62304_maritime
62304_maritime,2023-08-17,19,18,18.6,19,18,18.6,16.2,85.9,0,0,0,rain,0,0,44.6,35.3,56.7,1019.3,17.8,14.2,270.5,23.3,8,10,2023-08-17T05:41:43,2023-08-17T20:11:11,0.04,Clear,Clear conditions throughout the day.,clear-day,62304_maritime
62304_maritime,2023-08-18,20.7,18.4,19.1,20.7,18.4,19.1,17.7,91.7,0.3,100,8.33,rain,0,0,38.2,33.5,87.4,1014.1,75.9,2.4,131.6,11.3,5,10,2023-08-18T05:43:17,2023-08-18T20:09:11,0.07,"Rain, Partially cloudy",Partly cloudy throughout the day with rain.,rain,62304_maritime
62304_maritime,2023-08-19,21.5,18.8,19.4,21.5,18.8,19.4,17.2,87.1,2.5,100,16.67,rain,0,0,51.8,44.6,236.4,1014.7,39.6,9.3,270.6,23.5,8,10,2023-08-19T05:44:51,2023-08-19T20:07:09,0.1,"Rain, Partially cloudy",Clearing in the afternoon with early morning rain.,rain,62304_maritime
62304_maritime,2023-08-20,19.3,18.2,18.7,19.3,18.2,18.7,16.3,86.3,0,0,0,,0,0,26.6,25.9,233.5,1022.3,40.6,17.3,267,23.2,8,10,2023-08-20T05:46:25,2023-08-20T20:05:07,0.14,Partially cloudy,Partly cloudy throughout the day.,partly-cloudy-day,62304_maritime
62304_maritime,2023-08-21,18.7,15.5,17.4,18.7,15.5,17.4,15.6,89.6,0,0,0,,0,0,31.7,33.5,234.8,1023.6,23.9,15.6,264.3,22.9,8,10,2023-08-21T05:47:59,2023-08-21T20:03:04,0.17,Partially cloudy,Partly cloudy throughout the day.,partly-cloudy-day,62304_maritime
62304_maritime,2023-08-22,18.7,17,18.1,18.7,17,18.1,16.2,88.6,0,0,0,,0,0,36,33.5,233.2,1021,44.5,19.6,242.8,20.9,8,10,2023-08-22T05:49:33,2023-08-22T20:00:59,0.21,Partially cloudy,Clearing in the afternoon.,partly-cloudy-day,62304_maritime
62304_maritime,2023-08-23,19.8,18.3,18.9,19.8,18.3,18.9,16.4,85.5,0,0,0,,0,0,27.7,22.3,36,1019.8,33.3,18.9,253.1,22.1,7,10,2023-08-23T05:51:08,2023-08-23T19:58:54,0.24,Partially cloudy,Partly cloudy throughout the day.,partly-cloudy-day,"62304_maritime,remote"
62304_maritime,2023-08-24,20.9,19.2,19.7,20.9,19.2,19.7,17.8,88.4,5.7,100,45.83,rain,0,0,31,29.5,165.8,1012.3,89.1,8.8,85.6,7.2,6,10,2023-08-24T05:52:42,2023-08-24T19:56:48,0.25,"Rain, Partially cloudy",Partly cloudy throughout the day with a chance of rain throughout the day.,rain,62304_maritime
62304_maritime,2023-08-25,19.2,17.3,18.1,19.2,17.3,18.1,14.3,79,0.3,100,12.5,rain,0,0,53.6,44.6,286.2,1009.3,66.3,16.7,134.1,11.5,5,10,2023-08-25T05:54:16,2023-08-25T19:54:41,0.31,"Rain, Partially cloudy",Partly cloudy throughout the day with morning rain.,rain,62304_maritime
62304_maritime,2023-08-26,17.9,15.4,17.1,17.9,15.4,17.1,12.9,76.1,5.4,100,70.83,rain,0,0,59.4,40.7,238.9,1009.3,84.6,26,249.2,21.6,7,10,2023-08-26T05:55:51,2023-08-26T19:52:34,0.34,"Rain, Partially cloudy",Partly cloudy throughout the day with a chance of rain throughout the day.,rain,62304_maritime
62304_maritime,2023-08-27,18.5,14.9,16.9,18.5,14.9,16.9,12.1,73.6,4.9,100,62.5,rain,0,0,59.4,33.5,268.9,1010,72.3,42.5,216.4,18.6,7,10,2023-08-27T05:57:25,2023-08-27T19:50:25,0.38,"Rain, Partially cloudy",Partly cloudy throughout the day with a chance of rain throughout the day.,rain,62304_maritime
62304_maritime,2023-08-28,18.8,15.9,17.1,18.8,15.9,17.1,11.8,71.3,0.4,100,12.5,rain,0,0,30.2,27.7,314.8,1013.6,56.8,43.8,207.3,18,7,10,2023-08-28T05:58:59,2023-08-28T19:48:16,0.41,"Rain, Partially cloudy",Partly cloudy throughout the day with a chance of rain throughout the day.,rain,62304_maritime
62304_maritime,2023-08-29,18.4,16.4,17.2,18.4,16.4,17.2,11.5,69.4,0.2,100,8.33,rain,0,0,41.8,35.3,265.8,1012.2,69.5,28.8,185.4,16.1,7,10,2023-08-29T06:00:34,2023-08-29T19:46:06,0.45,"Rain, Partially cloudy",Partly cloudy throughout the day with rain clearing later.,rain,62304_maritime
62304_maritime,2023-08-30,18.4,14.9,16.6,18.4,14.9,16.6,12,74.6,8.4,100,70.83,rain,0,0,50,40.7,284.9,1007.7,73,19.4,216.2,18.6,7,10,2023-08-30T06:02:08,2023-08-30T19:43:56,0.48,"Rain, Partially cloudy",Partly cloudy throughout the day with a chance of rain throughout the day.,rain,62304_maritime
62304_maritime,2023-08-31,17.5,15.2,16.5,17.5,15.2,16.5,12.2,76.2,3.9,100,50,rain,0,0,41.8,29.5,235.5,1010.2,93.7,18.9,138.7,12.2,5,10,2023-08-31T06:03:42,2023-08-31T19:41:45,0.5,"Rain, Overcast",Cloudy skies throughout the day with rain.,rain,62304_maritime
62304_maritime,2023-09-01,18.4,16.4,17.8,18.4,16.4,17.8,16.2,90.8,21.5,100,45.83,rain,0,0,36,38.9,222.3,1011.1,82.6,15.6,131.5,11.5,7,10,2023-09-01T06:05:17,2023-09-01T19:39:33,0.55,"Rain, Partially cloudy",Partly cloudy throughout the day with a chance of rain throughout the day.,rain,"62304_maritime,remote"
62304_maritime,2023-09-02,19,17.4,18.3,19,17.4,18.3,16.2,87.5,0,0,0,,0,0,27,22.3,37.6,1020.1,53.7,14.5,188.2,16.3,6,10,2023-09-02T06:06:51,2023-09-02T19:37:20,0.58,Partially cloudy,Partly cloudy throughout the day.,partly-cloudy-day,62304_maritime
62304_maritime,2023-09-03,19.8,18.5,19,19.8,18.5,19,17.3,89.8,0,0,0,,0,0,28.1,27.7,66.5,1026.5,61,4.1,192.7,16.5,6,10,2023-09-03T06:08:25,2023-09-03T19:35:08,0.61,Partially cloudy,Partly cloudy throughout the day.,partly-cloudy-day,62304_maritime
62304_maritime,2023-09-04,20.4,18.4,19.5,20.4,18.4,19.5,16.7,83.9,0,0,0,,0,0,35.6,29.5,74.1,1023,41.4,6.3,198.2,17.1,6,10,2023-09-04T06:10:00,2023-09-04T19:32:54,0.65,Partially cloudy,Becoming cloudy in the afternoon.,partly-cloudy-day,62304_maritime
62304_maritime,2023-09-05,20.9,19.4,20.1,20.9,19.4,20.1,17.2,83.4,0,0,0,,0,0,26.3,29.5,71.7,1017.1,34.7,7.5,227.6,19.6,7,10,2023-09-05T06:11:34,2023-09-05T19:30:40,0.68,Partially cloudy,Becoming cloudy in the afternoon.,partly-cloudy-day,"62304_maritime,remote"
62304_maritime,2023-09-06,20.9,19,20,20.9,19,20,18.4,90.7,0,0,0,,0,0,16.2,22.3,13,1018.3,10.8,2.5,221.9,19.1,7,10,2023-09-06T06:13:08,2023-09-06T19:28:26,0.75,Clear,Clear conditions throughout the day.,clear-day,62304_maritime
62304_maritime,2023-09-07,22,19.5,20.6,22,19.5,20.6,18.3,86.8,0,0,0,,0,0,17.6,18.4,51.2,1016.8,26.8,2.9,226.3,19.6,7,10,2023-09-07T06:14:42,2023-09-07T19:26:11,0.75,Partially cloudy,Clearing in the afternoon.,partly-cloudy-day,62304_maritime
62304_maritime,2023-09-08,22.7,19,20.7,22.7,19,20.7,17.9,84.2,0,0,0,,0,0,9,14.8,259.3,1016.4,82.9,2.8,202.9,17.5,7,10,2023-09-08T06:16:16,2023-09-08T19:23:56,0.78,Partially cloudy,Partly cloudy throughout the day.,partly-cloudy-day,62304_maritime
62304_maritime,2023-09-09,22,20.4,21.2,22,20.4,21.2,18.2,83.6,0,0,0,,0,0,16.2,14.8,89.6,1015.9,43.5,2.3,206.1,17.8,7,10,2023-09-09T06:17:51,2023-09-09T19:21:41,0.81,Partially cloudy,Partly cloudy throughout the day.,partly-cloudy-day,62304_maritime
62304_maritime,2023-09-10,25.4,20.7,22.5,25.4,20.7,22.5,18.4,78.4,0,0,0,rain,0,0,22,20.5,119.3,1015,43.1,6.8,190.6,16.4,6,10,2023-09-10T06:19:25,2023-09-10T19:19:25,0.85,Partially cloudy,Partly cloudy throughout the day.,partly-cloudy-day,62304_maritime
62304_maritime,2023-09-11,21.8,17.9,19.1,21.8,17.9,19.1,17.4,90,0,0,0,,0,0,41.4,38.9,229,1013.7,63.8,8.9,188.3,16.2,7,10,2023-09-11T06:20:59,2023-09-11T19:17:09,0.88,Partially cloudy,Partly cloudy throughout the day.,partly-cloudy-day,62304_maritime
62304_maritime,2023-09-12,19.4,18.3,18.9,19.4,18.3,18.9,17.5,91.7,0.5,100,12.5,rain,0,0,32.8,29.5,242.1,1013.4,86.7,10.6,163.6,14.1,6,10,2023-09-12T06:22:33,2023-09-12T19:14:53,0.91,"Rain, Partially cloudy",Partly cloudy throughout the day with late afternoon rain.,rain,62304_maritime
62304_maritime,2023-09-13,19.4,17,18,19.4,17,18,14.1,78.2,1.8,100,29.17,rain,0,0,52.2,42.5,27.1,1019.5,63.6,20,158.1,13.7,6,10,2023-09-13T06:24:08,2023-09-13T19:12:37,0.95,"Rain, Partially cloudy",Partly cloudy throughout the day with rain clearing later.,rain,62304_maritime
62304_maritime,2023-09-14,19.9,16.9,18.6,19.9,16.9,18.6,14.1,75,0,0,0,rain,0,0,21.2,20.5,123.4,1021.1,42.6,17,196.1,17,6,10,2023-09-14T06:25:42,2023-09-14T19:10:20,0.98,Partially cloudy,Clearing in the afternoon.,partly-cloudy-day,62304_maritime
62304_maritime,2023-09-15,20.9,18,19.7,20.9,18,19.7,15.3,75.9,0,0,0,,0,0,32.4,31.7,114.3,1015.3,55,19.2,199.3,17.2,6,10,2023-09-15T06:27:17,2023-09-15T19:08:03,0,Partially cloudy,Partly cloudy throughout the day.,partly-cloudy-day,62304_maritime
62304_maritime,2023-09-16,20.7,18.9,19.7,20.7,18.9,19.7,16.4,81.5,0,0,0,,0,0,42.8,38.9,64.3,1012.8,85.7,14,165.3,14.4,6,10,2023-09-16T06:28:51,2023-09-16T19:05:46,0.05,Partially cloudy,Partly cloudy throughout the day.,partly-cloudy-day,62304_maritime
62304_maritime,2023-09-17,20.8,18.3,19.6,20.8,18.3,19.6,17.6,88.6,5.4,100,29.17,rain,0,0,41.8,31.7,82.9,1010.7,97,6.7,85.3,7.5,5,10,2023-09-17T06:30:26,2023-09-17T19:03:29,0.08,"Rain, Overcast",Cloudy skies throughout the day with rain.,rain,62304_maritime
62304_maritime,2023-09-18,20.9,17,19.1,20.9,17,19.1,15.2,78.5,6.2,100,54.17,rain,0,0,85.3,72.4,231.1,1003.4,71,16.8,144,12.3,6,30,2023-09-18T06:32:00,2023-09-18T19:01:12,0.12,"Rain, Partially cloudy",Partly cloudy throughout the day with a chance of rain throughout the day.,rain,62304_maritime
62304_maritime,2023-09-19,18.8,16.5,17.7,18.8,16.5,17.7,13.7,77.4,2.1,100,45.83,rain,0,0,98.3,70.6,237.7,1008.4,99.3,10.2,81.4,7.1,5,10,2023-09-19T06:33:35,2023-09-19T18:58:54,0.15,"Rain, Overcast",Cloudy skies throughout the day with rain.,rain,62304_maritime
62304_maritime,2023-09-20,21.2,17.9,19.5,21.2,17.9,19.5,15.7,78.6,1.1,100,25,rain,0,0,88.9,66.6,211.3,1002.3,92.5,14.3,157.6,13.6,6,10,2023-09-20T06:35:10,2023-09-20T18:56:37,0.19,"Rain, Overcast",Cloudy skies throughout the day with rain.,rain,62304_maritime
62304_maritime,2023-09-21,19.4,14.4,15.8,19.4,14.4,15.8,12,78.1,14.1,100,70.83,rain,0,0,92.5,74.2,209.4,996.4,99,32.3,35.5,3.2,1,10,2023-09-21T06:36:45,2023-09-21T18:54:20,0.22,"Rain, Overcast",Cloudy skies throughout the day with a chance of rain throughout the day.,rain,62304_maritime
62304_maritime,2023-09-22,17.7,13.7,15.3,17.7,13.7,15.3,10.6,74,14.8,100,75,rain,0,0,47.9,37.1,268.7,1000.7,83.4,42.4,116.2,10.2,4,10,2023-09-22T06:38:20,2023-09-22T18:52:03,0.25,"Rain, Partially cloudy",Partly cloudy throughout the day with a chance of rain throughout the day.,rain,62304_maritime
62304_maritime,2023-09-23,16.8,12.8,14.9,16.8,12.8,14.9,9.8,72.2,0,0,0,rain,0,0,48.2,38.9,273,1015.1,47.7,21.3,174.5,15.2,6,10,2023-09-23T06:39:55,2023-09-23T18:49:46,0.29,Partially cloudy,Partly cloudy throughout the day.,partly-cloudy-day,62304_maritime
62304_maritime,2023-09-24,18.9,15.3,17.1,18.9,15.3,17.1,10.3,64.6,0,0,0,rain,0,0,51.8,46.4,187.6,1020.8,56.2,22.5,150.5,12.9,6,10,2023-09-24T06:41:30,2023-09-24T18:47:28,0.33,Partially cloudy,Clearing in the afternoon.,partly-cloudy-day,62304_maritime
62304_maritime,2023-09-25,18.4,16.9,17.8,18.4,16.9,17.8,13.9,78.5,0,0,0,rain,0,0,50.4,42.5,205.6,1019.9,76.6,17.9,151.9,13.1,6,10,2023-09-25T06:43:06,2023-09-25T18:45:12,0.36,Partially cloudy,Partly cloudy throughout the day.,partly-cloudy-day,62304_maritime
62304_maritime,2023-09-26,19.9,17.4,18.5,19.9,17.4,18.5,15.4,82.1,0,0,0,rain,0,0,32.4,35.3,196.4,1018.6,88.4,21.8,142.7,12.3,6,10,2023-09-26T06:44:41,2023-09-26T18:42:55,0.4,Partially cloudy,Partly cloudy throughout the day.,partly-cloudy-day,"62304_maritime,remote"
62304_maritime,2023-09-27,21.4,17.5,19.3,21.4,17.5,19.3,15.9,80.9,0,0,0,,0,0,55.4,46.4,179.3,1015.6,92.4,19.1,111,9.5,4,10,2023-09-27T06:46:17,2023-09-27T18:40:38,0.43,Overcast,Cloudy skies throughout the day.,cloudy,"62304_maritime,remote"
62304_maritime,2023-09-28,18.9,16.7,18.1,18.9,16.7,18.1,13.4,74,0.6,100,16.67,rain,0,0,64.8,55.4,231.1,1014.9,82.6,16.3,88.3,7.6,3,10,2023-09-28T06:47:53,2023-09-28T18:38:22,0.47,"Rain, Partially cloudy",Partly cloudy throughout the day with rain.,rain,62304_maritime
62304_maritime,2023-09-29,20.3,16.9,18.6,20.3,16.9,18.6,14.4,77.2,0.7,100,20.83,rain,0,0,55.4,44.6,245.9,1017.4,82.3,24.4,142.4,12.3,6,10,2023-09-29T06:49:29,2023-09-29T18:36:06,0.5,"Rain, Partially cloudy",Partly cloudy throughout the day with rain clearing later.,rain,62304_maritime
62304_maritime,2023-09-30,18.4,16.3,17.2,18.4,16.3,17.2,12.2,72.3,0,0,0,,0,0,31.3,37.1,236.3,1025.1,52.6,20.8,158.8,13.7,6,10,2023-09-30T06:51:06,2023-09-30T18:33:50,0.53,Partially cloudy,Becoming cloudy in the afternoon.,partly-cloudy-day,62304_maritime
62304_maritime,2023-10-01,19.9,17.8,18.7,19.9,17.8,18.7,15.5,82,0,0,0,,0,0,35.3,35.3,209.2,1021.5,21.4,15.2,139.3,12,5,10,2023-10-01T06:52:42,2023-10-01T18:31:34,0.57,Partially cloudy,Partly cloudy throughout the day.,partly-cloudy-day,62304_maritime
62304_maritime,2023-10-02,21.9,18,18.8,21.9,18,18.8,17.1,90,0.1,100,4.17,rain,0,0,36.4,31.7,203.7,1016.6,94.8,8.7,113.3,9.8,4,10,2023-10-02T06:54:19,2023-10-02T18:29:19,0.6,"Rain, Overcast",Cloudy skies throughout the day with morning rain.,rain,62304_maritime
62304_maritime,2023-10-03,22.3,14.7,17.1,22.3,14.7,17.1,12.2,73.4,0.6,100,16.67,rain,0,0,68.4,59.4,266.7,1017.5,52.9,18.5,128.1,11.1,5,10,2023-10-03T06:55:56,2023-10-03T18:27:04,0.63,"Rain, Partially cloudy",Partly cloudy throughout the day with rain in the morning and afternoon.,rain,62304_maritime
62304_maritime,2023-10-04,17.2,14.4,16,17.2,14.4,16,11.2,73.1,0.1,100,4.17,rain,0,0,55.4,48.2,257.8,1026.3,72.5,20,108,9.4,5,10,2023-10-04T06:57:34,2023-10-04T18:24:49,0.66,"Rain, Partially cloudy",Partly cloudy throughout the day with late afternoon rain.,rain,62304_maritime
62304_maritime,2023-10-05,17.5,15.8,16.6,17.5,15.8,16.6,11.2,70.3,0,0,0,,0,0,50,40.7,254.7,1024.9,86,23.8,122.9,10.7,5,10,2023-10-05T06:59:11,2023-10-05T18:22:35,0.7,Partially cloudy,Partly cloudy throughout the day.,partly-cloudy-day,62304_maritime
62304_maritime,2023-10-06,17.9,17.4,17.7,17.9,17.4,17.7,13.8,77.9,0,0,0,,0,0,61.2,51.8,240,1023.8,88.4,19.6,122,10.4,4,10,2023-10-06T07:00:49,2023-10-06T18:20:22,0.75,Partially cloudy,Partly cloudy throughout the day.,wind,62304_maritime
62304_maritime,2023-10-07,18.5,17.5,18.1,18.5,17.5,18.1,15.2,83.3,0,0,0,,0,0,63,53.6,241.7,1023.3,67.6,14.2,136.5,11.8,5,10,2023-10-07T07:02:27,2023-10-07T18:18:09,0.76,Partially cloudy,Partly cloudy throughout the day.,wind,62304_maritime
62304_maritime,2023-10-08,19.2,17.9,18.5,19.2,17.9,18.5,15.4,82.5,0,0,0,,0,0,43.9,31.7,236.3,1024.1,82.6,19.6,133.9,11.5,5,10,2023-10-08T07:04:06,2023-10-08T18:15:56,0.79,Partially cloudy,Partly cloudy throughout the day.,partly-cloudy-day,62304_maritime
62304_maritime,2023-10-09,18.8,17.8,18.1,18.8,17.8,18.1,15.3,83.9,0,0,0,,0,0,33.1,29.5,241.2,1021.4,64.7,13.4,110.5,9.6,4,10,2023-10-09T07:05:44,2023-10-09T18:13:44,0.83,Partially cloudy,Partly cloudy throughout the day.,partly-cloudy-day,62304_maritime
62304_maritime,2023-10-10,18.9,17.3,18,18.9,17.3,18,16.1,88.8,0,0,0,,0,0,61.2,51.8,229.8,1018,87.9,10.6,128.4,11.3,5,10,2023-10-10T07:07:23,2023-10-10T18:11:33,0.86,Partially cloudy,Partly cloudy throughout the day.,wind,62304_maritime
62304_maritime,2023-10-11,18.4,17,17.7,18.4,17,17.7,15.5,87.2,0.2,100,8.33,rain,0,0,70.6,53.6,237.8,1013.6,93.4,6.8,86.2,7.4,3,10,2023-10-11T07:09:03,2023-10-11T18:09:22,0.89,"Rain, Overcast",Cloudy skies throughout the day with late afternoon rain.,rain,62304_maritime
62304_maritime,2023-10-12,18.4,17.4,18,18.4,17.4,18,16.2,88.9,12.8,100,66.67,rain,0,0,57.6,44.6,234.1,1012.2,99.5,11.7,69.9,6,4,10,2023-10-12T07:10:42,2023-10-12T18:07:12,0.93,"Rain, Overcast",Cloudy skies throughout the day with a chance of rain throughout the day.,rain,"62304_maritime,remote"
62304_maritime,2023-10-13,20.7,13.7,18.7,20.7,13.7,18.7,15.8,83.4,16.6,100,62.5,rain,0,0,83.5,66.6,223.8,1003.5,96.8,8,54.3,4.8,3,10,2023-10-13T07:12:22,2023-10-13T18:05:02,0.96,"Rain, Overcast",Cloudy skies throughout the day with rain.,rain,62304_maritime
62304_maritime,2023-10-14,13.9,11.8,12.8,13.9,11.8,12.8,6.7,67.1,0.3,100,12.5,rain,0,0,68.4,50,306.1,1015.3,47.4,19.8,130.8,11.5,5,10,2023-10-14T07:14:02,2023-10-14T18:02:54,0,"Rain, Partially cloudy",Partly cloudy throughout the day with rain.,rain,"62304_maritime,remote"
62304_maritime,2023-10-15,12.2,9.5,10.6,12.2,5.3,9.4,2.7,58.6,0.1,100,4.17,rain,0,0,59.4,46.4,330.7,1024,43.8,23.8,132.9,11.5,5,10,2023-10-15T07:15:43,2023-10-15T18:00:46,0.03,"Rain, Partially cloudy",Partly cloudy throughout the day with early morning rain.,rain,62304_maritime
62304_maritime,2023-10-16,13.4,11.4,12.4,13.4,11.4,12.4,5.7,63.7,0.4,100,12.5,rain,0,0,59.4,48.2,101.8,1021.7,97.4,23.8,71.7,6.2,4,10,2023-10-16T07:17:24,2023-10-16T17:58:39,0.06,"Rain, Overcast",Cloudy skies throughout the day with rain clearing later.,rain,62304_maritime
62304_maritime,2023-10-17,14.4,12,13,14.4,12,13,6.1,63,0,0,0,,0,0,68.4,59.4,103.5,1015,79.9,19.6,117.5,9.9,5,10,2023-10-17T07:19:05,2023-10-17T17:56:32,0.1,Partially cloudy,Partly cloudy throughout the day.,wind,62304_maritime
62304_maritime,2023-10-18,17.3,11.8,13.9,17.3,11.8,13.9,10.2,78.7,17.7,100,37.5,rain,0,0,83.5,63,125.5,998.3,100,14.4,39.6,3.5,2,10,2023-10-18T07:20:46,2023-10-18T17:54:27,0.13,"Rain, Overcast",Cloudy skies throughout the day with rain.,rain,62304_maritime
62304_maritime,2023-10-19,18.8,16.4,17.5,18.8,16.4,17.5,14.6,83.2,2.3,100,20.83,rain,0,0,76,63,179.1,986.6,95.3,16.4,56.5,4.9,3,10,2023-10-19T07:22:28,2023-10-19T17:52:23,0.17,"Rain, Overcast",Cloudy skies throughout the day with a chance of rain throughout the day.,rain,62304_maritime
62304_maritime,2023-10-20,17.3,15.4,16.3,17.3,15.4,16.3,14.2,87.7,19.5,100,79.17,rain,0,0,51.8,42.5,206.6,977.5,95.8,16.8,25.3,2.1,1,10,2023-10-20T07:24:10,2023-10-20T17:50:19,0.2,"Rain, Overcast",Cloudy skies throughout the day with a chance of rain throughout the day.,rain,"62304_maritime,remote"
62304_maritime,2023-10-21,16.4,12.9,14.6,16.4,12.9,14.6,12,84.5,9.3,100,87.5,rain,0,0,90.7,68.4,199.9,985.8,94.7,14.5,14.3,1.4,1,10,2023-10-21T07:25:52,2023-10-21T17:48:17,0.24,"Rain, Overcast",Cloudy skies throughout the day with a chance of rain throughout the day.,rain,62304_maritime
62304_maritime,2023-10-22,15.4,12.5,13.9,15.4,12.5,13.9,8.1,68.3,0.9,100,16.67,rain,0,0,59.4,44.6,261.6,1005,67.3,48.8,99.1,8.6,4,10,2023-10-22T07:27:35,2023-10-22T17:46:15,0.25,"Rain, Partially cloudy",Partly cloudy throughout the day with rain.,rain,62304_maritime
62304_maritime,2023-10-23,15.2,12.8,13.8,15.2,12.8,13.8,10.3,79.3,5,100,29.17,rain,0,0,40.7,35.3,119.7,1008.2,92.2,20.8,52,4.4,2,10,2023-10-23T07:29:18,2023-10-23T17:44:15,0.31,"Rain, Overcast",Cloudy skies throughout the day with rain.,rain,62304_maritime
62304_maritime,2023-10-24,15.4,12,13.9,15.4,12,13.9,10,77.9,9.4,100,66.67,rain,0,0,53.6,42.5,245.8,1001.3,91.8,28.1,79.9,6.9,4,10,2023-10-24T07:31:01,2023-10-24T17:42:16,0.34,"Rain, Overcast",Cloudy skies throughout the day with a chance of rain throughout the day.,rain,62304_maritime
62304_maritime,2023-10-25,14.9,12.9,13.7,14.9,12.9,13.7,9.7,76.8,3.6,100,45.83,rain,0,0,34.6,29.5,106.4,995.8,95.3,41.3,55.9,4.9,3,10,2023-10-25T07:32:44,2023-10-25T17:40:18,0.38,"Rain, Overcast",Cloudy skies throughout the day with rain.,rain,62304_maritime
62304_maritime,2023-10-26,15.7,11.7,13.9,15.7,11.7,13.9,10.8,82,9.5,100,54.17,rain,0,0,54,40.7,187.8,992.6,90.6,19.9,60.9,5.4,4,10,2023-10-26T07:34:28,2023-10-26T17:38:21,0.42,"Rain, Overcast",Cloudy skies throughout the day with a chance of rain throughout the day.,rain,62304_maritime
62304_maritime,2023-10-27,14.9,12.8,14.1,14.9,12.8,14.1,10,76.8,14.8,100,79.17,rain,0,0,56.5,42.5,230.9,991.1,98.4,30.2,61.3,5.3,3,10,2023-10-27T07:36:12,2023-10-27T17:36:26,0.45,"Rain, Overcast",Cloudy skies throughout the day with a chance of rain throughout the day.,rain,62304_maritime
62304_maritime,2023-10-28,14.9,11.3,13.4,14.9,11.3,13.4,10.7,83.7,13,100,79.17,rain,0,0,73.8,50,185.9,990.6,97.3,9.8,52.3,4.6,3,10,2023-10-28T07:37:56,2023-10-28T17:34:32,0.5,"Rain, Overcast",Cloudy skies throughout the day with a chance of rain throughout the day.,rain,"62304_maritime,remote"
62304_maritime,2023-10-29,15.8,12.8,14.3,15.8,12.8,14.3,9.8,74.9,14.8,100,87.5,rain,0,0,85.3,64.8,223.6,989.9,93.6,14.7,48.8,4.4,3,10,2023-10-29T06:39:40,2023-10-29T16:32:39,0.52,"Rain, Overcast",Cloudy skies throughout the day with a chance of rain throughout the day.,rain,62304_maritime
62304_maritime,2023-10-30,15.2,12.3,13.6,15.2,12.3,13.6,9.8,78,5.7,100,58.33,rain,0,0,66.6,55.4,215.8,996.5,96.2,21.5,46.8,4,2,10,2023-10-30T06:41:25,2023-10-30T16:30:48,0.55,"Rain, Overcast",Cloudy skies throughout the day with a chance of rain throughout the day.,rain,"62304_maritime,remote"
62304_maritime,2023-10-31,15.5,12.3,14.1,15.5,12.3,14.1,10.4,78.5,11.5,100,66.67,rain,0,0,55.4,46.4,235,1001.1,85.8,22.6,64.3,5.5,4,10,2023-10-31T06:43:09,2023-10-31T16:28:58,0.59,"Rain, Partially cloudy",Partly cloudy throughout the day with a chance of rain throughout the day.,rain,62304_maritime
62304_maritime,2023-11-01,15.9,12.4,14.1,15.9,12.4,14.1,10.5,79.5,19.1,100,70.83,rain,0,0,79.6,66.6,204.2,994.3,97.1,13.6,24,2,1,10,2023-11-01T06:44:54,2023-11-01T16:27:09,0.62,"Rain, Overcast",Cloudy skies throughout the day with a chance of rain throughout the day.,rain,62304_maritime
62304_maritime,2023-11-02,13.9,11.2,12.5,13.9,11.2,12.5,9.1,79.6,27.9,100,79.17,rain,0,0,131.8,100.1,216.7,969.2,99.2,12.1,16.9,1.5,2,10,2023-11-02T06:46:39,2023-11-02T16:25:22,0.65,"Rain, Overcast",Cloudy skies throughout the day with a chance of rain throughout the day.,rain,62304_maritime
62304_maritime,2023-11-03,13.7,11,12.5,13.7,11,12.5,7.5,71.9,10.8,100,62.5,rain,0,0,85.3,66.6,240.1,982.6,83.9,16.1,65,5.6,3,10,2023-11-03T06:48:24,2023-11-03T16:23:37,0.68,"Rain, Partially cloudy",Partly cloudy throughout the day with a chance of rain throughout the day.,rain,62304_maritime
62304_maritime,2023-11-04,14,9.4,11.6,14,4.6,10.8,8.5,81.2,16.1,100,75,rain,0,0,88.9,63,200.5,973.1,91,15.6,27,2.2,2,10,2023-11-04T06:50:09,2023-11-04T16:21:53,0.71,"Rain, Overcast",Cloudy skies throughout the day with a chance of rain throughout the day.,rain,62304_maritime
62304_maritime,2023-11-05,13.8,10.9,12.4,13.8,10.9,12.4,8.1,75.7,5.1,100,45.83,rain,0,0,72.4,59.4,268.6,980.2,70.1,17.8,60,5.1,4,10,2023-11-05T06:51:53,2023-11-05T16:20:11,0.75,"Rain, Partially cloudy",Clearing in the afternoon with a chance of rain throughout the day.,rain,"62304_maritime,remote"
62304_maritime,2023-11-06,13.9,12.2,13,13.9,12.2,13,7.5,69.1,15.1,100,66.67,rain,0,0,63,53.6,254.9,999.4,86.7,20.2,78.8,6.8,4,10,2023-11-06T06:53:38,2023-11-06T16:18:31,0.78,"Rain, Partially cloudy",Partly cloudy throughout the day with a chance of rain throughout the day.,rain,"62304_maritime,remote"
62304_maritime,2023-11-07,13.3,11.4,12.4,13.3,11.4,12.4,7.3,71.1,11.5,100,62.5,rain,0,0,54.7,42.5,259.8,1008.6,68.7,22.5,79.8,7,3,10,2023-11-07T06:55:23,2023-11-07T16:16:53,0.81,"Rain, Partially cloudy",Partly cloudy throughout the day with a chance of rain throughout the day.,rain,62304_maritime
62304_maritime,2023-11-08,13.4,10,12,13.4,7.1,11.9,9.4,84.7,17.5,100,75,rain,0,0,103.7,66.6,217.3,1006.5,96.2,8.6,6.3,0.5,0,10,2023-11-08T06:57:07,2023-11-08T16:15:16,0.84,"Rain, Overcast",Cloudy skies throughout the day with a chance of rain throughout the day.,rain,62304_maritime
62304_maritime,2023-11-09,12.7,9.9,11.4,12.7,4.9,11,6,69.9,16.8,100,70.83,rain,0,0,83.5,59.4,244.8,998.5,98.4,18.4,18.4,1.5,2,10,2023-11-09T06:58:52,2023-11-09T16:13:42,0.87,"Rain, Overcast",Cloudy skies throughout the day with a chance of rain throughout the day.,rain,62304_maritime
62304_maritime,2023-11-10,12.2,8.9,10.6,12.2,4.9,9.5,6.2,74.1,15.1,100,62.5,rain,0,0,66.6,53.6,271.5,995.9,82.9,20.8,55,5,3,10,2023-11-10T07:00:36,2023-11-10T16:12:09,0.91,"Rain, Partially cloudy",Partly cloudy throughout the day with a chance of rain throughout the day.,rain,62304_maritime
62304_maritime,2023-11-11,10.5,8.9,9.8,10.5,4.8,7.4,5.4,74.2,0,0,0,rain,0,0,53.6,44.6,299.7,1006.3,37.8,37.5,69.9,6.1,3,10,2023-11-11T07:02:20,2023-11-11T16:10:38,0.94,Partially cloudy,Partly cloudy throughout the day.,partly-cloudy-day,62304_maritime
62304_maritime,2023-11-12,11,8.7,9.4,11,5.5,7.1,6.8,83.9,0.3,100,12.5,rain,0,0,34.2,25.9,159.3,1004.9,98.5,25.5,31.5,2.8,1,10,2023-11-12T07:04:03,2023-11-12T16:09:10,0.97,"Rain, Overcast",Cloudy skies throughout the day with rain.,rain,62304_maritime
62304_maritime,2023-11-13,15.7,10.8,14.2,15.7,10.8,14.2,11,81.3,8.5,100,37.5,rain,0,0,100.1,85.3,239,1000.6,71.6,6.8,33,2.7,3,10,2023-11-13T07:05:47,2023-11-13T16:07:43,0,"Rain, Partially cloudy",Partly cloudy throughout the day with a chance of rain throughout the day.,rain,"62304_maritime,remote"
62304_maritime,2023-11-14,14.7,11.3,13.1,14.7,11.3,13.1,9.7,79.8,8.5,100,45.83,rain,0,0,83.5,68.4,262.1,1004.9,81.7,8,24.1,2.2,2,10,2023-11-14T07:07:29,2023-11-14T16:06:19,0.04,"Rain, Partially cloudy",Partly cloudy throughout the day with rain in the morning and afternoon.,rain,62304_maritime
62304_maritime,2023-11-15,12.5,11.2,11.9,12.5,11.2,11.9,7,72.4,0,0,0,rain,0,0,59.4,48.2,275.4,1015.8,29.1,19.2,62.5,5.3,3,10,2023-11-15T07:09:12,2023-11-15T16:04:57,0.08,Partially cloudy,Partly cloudy throughout the day.,partly-cloudy-day,62304_maritime
62304_maritime,2023-11-16,11,9.3,10.3,11,5.3,9.1,5.8,74.1,7.1,100,50,rain,0,0,53.6,42.5,304.4,1013.1,98.4,19.3,8.9,0.7,0,10,2023-11-16T07:10:53,2023-11-16T16:03:37,0.11,"Rain, Overcast",Cloudy skies throughout the day with rain.,rain,62304_maritime
62304_maritime,2023-11-17,12,9,10.2,12,5.1,8.4,5.7,74.4,1,100,20.83,rain,0,0,52.2,40.7,286.2,1019.9,71.1,21.8,65,5.7,3,10,2023-11-17T07:12:34,2023-11-17T16:02:19,0.15,"Rain, Partially cloudy",Partly cloudy throughout the day with rain.,rain,"62304_maritime,remote"
62304_maritime,2023-11-18,15.2,10.3,12.8,15.2,10.3,12.8,11,88.9,7.1,100,45.83,rain,0,0,74.2,61.2,212.7,1013.6,99.9,8.3,3.3,0.2,0,10,2023-11-18T07:14:15,2023-11-18T16:01:04,0.18,"Rain, Overcast",Cloudy skies throughout the day with a chance of rain throughout the day.,rain,62304_maritime
62304_maritime,2023-11-19,14.5,13.2,13.8,14.5,13.2,13.8,10.2,78.8,1.2,100,29.17,rain,0,0,90.7,70.6,250.4,1009,64.8,5.3,45.6,4,3,10,2023-11-19T07:15:54,2023-11-19T15:59:52,0.22,"Rain, Partially cloudy",Partly cloudy throughout the day with a chance of rain throughout the day.,rain,62304_maritime
62304_maritime,2023-11-20,13,10.9,11.9,13,10.9,11.9,8.5,79.7,9,100,33.33,rain,0,0,70.6,57.6,276.4,1009.3,65.2,15.6,44.9,3.8,3,10,2023-11-20T07:17:33,2023-11-20T15:58:41,0.25,"Rain, Partially cloudy",Partly cloudy throughout the day with rain.,rain,62304_maritime
62304_maritime,2023-11-21,12.7,11.3,12,12.7,11.3,12,9.5,84.3,11.7,100,83.33,rain,0,0,61.2,53.6,3.5,1019.8,88.5,17.8,23.8,2.1,1,10,2023-11-21T07:19:11,2023-11-21T15:57:34,0.29,"Rain, Partially cloudy",Partly cloudy throughout the day with a chance of rain throughout the day.,rain,62304_maritime
62304_maritime,2023-11-22,11.9,9.8,10.9,11.9,6.9,10.5,6.3,73.4,0.7,100,20.83,rain,0,0,48.2,40.7,265.7,1029,92.5,30,31.6,2.6,2,10,2023-11-22T07:20:48,2023-11-22T15:56:29,0.33,"Rain, Overcast",Cloudy skies throughout the day with rain clearing later.,rain,62304_maritime
62304_maritime,2023-11-23,13.4,11.8,12.5,13.4,11.8,12.5,9.6,82.4,0,0,0,rain,0,0,66.6,53.6,268.7,1023.6,47.9,20,55.7,4.8,3,10,2023-11-23T07:22:23,2023-11-23T15:55:26,0.36,Partially cloudy,Partly cloudy throughout the day.,wind,62304_maritime
62304_maritime,2023-11-24,12.5,7.3,9.3,12.5,1.5,5.6,2.7,63.7,0.1,100,4.17,rain,0,0,81.7,68.4,333.4,1018.5,62.7,19.2,41.3,3.6,2,10,2023-11-24T07:23:58,2023-11-24T15:54:27,0.4,"Rain, Partially cloudy",Partly cloudy throughout the day with afternoon rain.,rain,62304_maritime
62304_maritime,2023-11-25,7.5,5.9,6.9,2.5,0.1,1.6,3.3,78.1,0.2,100,8.33,rain,0,0,64.8,53.6,319.3,1019,51,17.5,48.1,4.3,3,10,2023-11-25T07:25:32,2023-11-25T15:53:30,0.43,"Rain, Partially cloudy",Partly cloudy throughout the day with rain clearing later.,rain,62304_maritime
62304_maritime,2023-11-26,10.5,6.4,7.9,10.5,1.8,4.3,4.8,80.7,4.8,100,25,rain,0,0,66.6,53.6,254.6,1015.4,94.2,21.5,29.1,2.4,1,10,2023-11-26T07:27:04,2023-11-26T15:52:36,0.47,"Rain, Overcast",Cloudy skies throughout the day with rain.,rain,62304_maritime
62304_maritime,2023-11-27,12.2,7.9,10.1,12.2,2.5,8.4,7.9,86.1,16.2,100,79.17,rain,0,0,77.8,61.2,294,998.5,99.2,13.4,6,0.6,1,10,2023-11-27T07:28:35,2023-11-27T15:51:45,0.5,"Rain, Overcast",Cloudy skies throughout the day with a chance of rain throughout the day.,rain,62304_maritime
62304_maritime,2023-11-28,9,4.9,7,4.4,0.2,2.6,2.6,73.4,8.7,100,70.83,rain,0,0,68.4,50,357,1007.1,76.3,22.3,51,4.5,3,10,2023-11-28T07:30:04,2023-11-28T15:50:56,0.54,"Rain, Partially cloudy",Partly cloudy throughout the day with a chance of rain throughout the day.,rain,62304_maritime
62304_maritime,2023-11-29,7.2,5.3,6.1,4.4,0.6,2.4,0.7,68.9,0.3,100,8.33,rain,0,0,55.4,44.6,313.3,1004.2,85,36.3,45.8,4,2,10,2023-11-29T07:31:32,2023-11-29T15:50:11,0.57,"Rain, Partially cloudy",Partly cloudy throughout the day with early morning rain.,rain,62304_maritime
62304_maritime,2023-11-30,7.2,4.7,6.2,4.8,-1.1,2.5,0.6,67.9,4.3,100,62.5,rain,0,0,48.2,38.9,53.3,1001.6,90.2,42.5,21.5,1.8,1,10,2023-11-30T07:32:58,2023-11-30T15:49:28,0.6,"Rain, Overcast",Cloudy skies throughout the day with a chance of rain throughout the day.,rain,62304_maritime
62304_maritime,2023-12-01,6.3,2.3,4.1,3.2,-3.7,-0.2,0.3,76.6,1.5,100,37.5,"rain,snow",0,0,48.2,37.1,91,1006.6,69.6,20.1,18.5,1.7,1,10,2023-12-01T07:34:22,2023-12-01T15:48:49,0.63,"Snow, Rain, Partially cloudy",Partly cloudy throughout the day with a chance of rain or snow throughout the day.,rain,62304_maritime
62304_maritime,2023-12-02,6.2,2.4,3.8,2.7,-2.7,-0.3,0.7,80.5,1.3,100,25,"rain,snow",0,0,38.5,33.5,309.3,1015,58.3,24.4,47.8,4.2,2,10,2023-12-02T07:35:45,2023-12-02T15:48:13,0.66,"Snow, Rain, Partially cloudy",Partly cloudy throughout the day with a chance of rain or snow throughout the day.,rain,62304_maritime
62304_maritime,2023-12-03,7.2,3,5.3,2.2,-4.1,-0.8,2,79.7,9.7,100,54.17,"rain,snow",0,0,66.6,53.6,182.1,1013.8,95.7,12.8,6.2,0.5,0,10,2023-12-03T07:37:06,2023-12-03T15:47:40,0.7,"Snow, Rain, Overcast",Cloudy skies throughout the day with a chance of rain or snow throughout the day.,rain,62304_maritime
62304_maritime,2023-12-04,7.9,3.9,6.1,4.5,-3.3,0.7,3.1,82.6,4.2,100,58.33,rain,0,0,76,61.2,146.7,999.1,99.7,14.3,3.1,0.3,0,10,2023-12-04T07:38:25,2023-12-04T15:47:10,0.73,"Rain, Overcast",Cloudy skies throughout the day with a chance of rain throughout the day.,rain,"62304_maritime,remote"
62304_maritime,2023-12-05,8.9,7.7,8.2,4.9,2.8,3.8,5.2,81.7,5.2,100,75,rain,0,0,64.8,50,356.9,1005.1,96.7,16.9,7.6,0.5,0,10,2023-12-05T07:39:41,2023-12-05T15:46:43,0.75,"Rain, Overcast",Cloudy skies throughout the day with a chance of rain throughout the day.,rain,"62304_maritime,remote"
62304_maritime,2023-12-06,8,5.9,6.9,6.8,1.5,3.3,3.7,80.6,0.5,100,20.83,rain,0,0,46.4,37.1,309.1,1017.1,64.7,20.4,47.8,4.1,2,10,2023-12-06T07:40:56,2023-12-06T15:46:19,0.79,"Rain, Partially cloudy",Partly cloudy throughout the day with early morning rain.,rain,62304_maritime
62304_maritime,2023-12-07,7.3,4.4,6.1,2.9,-1.7,0.5,3.6,84.3,7.2,100,37.5,rain,0,0,64.8,53.6,154.1,1010.9,98.9,11.8,19.7,1.7,1,10,2023-12-07T07:42:09,2023-12-07T15:45:59,0.82,"Rain, Overcast",Cloudy skies throughout the day with rain.,rain,"62304_maritime,remote"
62304_maritime,2023-12-08,12.5,6.8,11.3,12.5,2,10.7,8.4,82.6,4.4,100,45.83,rain,0,0,59.4,48.2,233.3,1005.9,85.9,7.9,42.6,3.7,2,10,2023-12-08T07:43:19,2023-12-08T15:45:42,0.86,"Rain, Partially cloudy",Partly cloudy throughout the day with rain.,rain,62304_maritime
62304_maritime,2023-12-09,13,9,11.2,13,3.9,10,7.8,80.3,5.4,100,37.5,rain,0,0,83.5,66.6,228.1,998.6,91.5,7.2,5.4,0.4,1,10,2023-12-09T07:44:26,2023-12-09T15:45:28,0.89,"Rain, Overcast",Cloudy skies throughout the day with a chance of rain throughout the day.,rain,62304_maritime
62304_maritime,2023-12-10,13,10.3,11.6,13,10.3,11.6,8,79.1,2,100,16.67,rain,0,0,88.9,74.2,241.7,1002.9,72.4,6.1,15.1,1.2,1,10,2023-12-10T07:45:32,2023-12-10T15:45:18,0.92,"Rain, Partially cloudy",Partly cloudy throughout the day with afternoon rain.,rain,62304_maritime
62304_maritime,2023-12-11,12.9,10.5,11.6,12.9,10.5,11.6,7.5,76.2,0.2,100,8.33,rain,0,0,90.7,74.2,257.4,1003.9,52.8,11.3,32.7,2.8,2,10,2023-12-11T07:46:35,2023-12-11T15:45:11,0.95,"Rain, Partially cloudy",Partly cloudy throughout the day with early morning rain.,rain,62304_maritime
62304_maritime,2023-12-12,12.5,10.2,11.4,12.5,10.2,11.4,9.4,87.8,8.1,100,70.83,rain,0,0,70.6,46.4,218.8,999.8,94.4,11.7,26.9,2.2,2,10,2023-12-12T07:47:35,2023-12-12T15:45:07,0,"Rain, Overcast",Cloudy skies throughout the day with a chance of rain throughout the day.,rain,62304_maritime
62304_maritime,2023-12-13,11.4,8.8,9.6,11.4,3.6,5.8,7.4,86.6,5.7,100,66.67,rain,0,0,74.2,61.2,324.5,999.8,87.9,16.7,11.8,1.1,1,10,2023-12-13T07:48:32,2023-12-13T15:45:07,0.02,"Rain, Partially cloudy",Partly cloudy throughout the day with a chance of rain throughout the day.,rain,62304_maritime
62304_maritime,2023-12-14,9.9,6.8,8.3,6.3,1.8,4.3,5.6,83,0.2,100,8.33,rain,0,0,76,42.5,308.8,1020.8,91,26.6,17,1.5,1,10,2023-12-14T07:49:27,2023-12-14T15:45:10,0.05,"Rain, Overcast",Cloudy skies throughout the day with rain.,rain,"62304_maritime,remote"
62304_maritime,2023-12-15,10.9,9.2,10.4,10.9,6.5,9.7,4.4,67.1,0,0,0,rain,0,0,38.5,37.1,285.7,1035.4,76.4,19.8,43.7,3.7,2,10,2023-12-15T07:50:19,2023-12-15T15:45:17,0.09,Partially cloudy,Partly cloudy throughout the day.,partly-cloudy-day,"62304_maritime,remote"
62304_maritime,2023-12-16,11.8,10.3,11.2,11.8,10.3,11.2,8.8,85.6,0,0,0,,0,0,72.4,55.4,251.6,1039.1,78,19.6,20.8,1.8,1,10,2023-12-16T07:51:08,2023-12-16T15:45:26,0.13,Partially cloudy,Partly cloudy throughout the day.,wind,62304_maritime
62304_maritime,2023-12-17,11.3,10.2,10.7,11.3,10.2,10.7,7.6,81,0,0,0,,0,0,68.4,53.6,233.9,1035.1,58.6,13.9,43.4,3.7,2,10,2023-12-17T07:51:54,2023-12-17T15:45:40,0.16,Partially cloudy,Partly cloudy throughout the day.,wind,62304_maritime
62304_maritime,2023-12-18,11.9,11.3,11.6,11.9,11.3,11.6,8.6,82.1,0,0,0,rain,0,0,72.4,57.6,243,1029.5,93.8,14.8,36.7,3.1,2,10,2023-12-18T07:52:37,2023-12-18T15:45:56,0.2,Overcast,Cloudy skies throughout the day.,wind,62304_maritime
62304_maritime,2023-12-19,12.2,8.7,10.8,12.2,3.7,9.1,8.8,87.7,11.4,100,45.83,rain,0,0,79.6,59.4,255.6,1020,89.9,7.1,1,0,0,10,2023-12-19T07:53:17,2023-12-19T15:46:16,0.25,"Rain, Partially cloudy",Partly cloudy throughout the day with rain.,rain,62304_maritime
62304_maritime,2023-12-20,11.4,8.4,9.8,11.4,3.3,7.1,6.2,78.3,0.4,100,12.5,rain,0,0,68.4,55.4,273.7,1017.3,63.4,19.2,28.3,2.5,2,10,2023-12-20T07:53:54,2023-12-20T15:46:39,0.27,"Rain, Partially cloudy",Partly cloudy throughout the day with rain.,rain,62304_maritime
62304_maritime,2023-12-21,13.3,10.9,12.2,13.3,10.9,12.2,8.1,76.3,2.9,100,37.5,rain,0,0,68.4,53.6,267.5,1006.8,96.3,15.8,14.5,1.3,2,10,2023-12-21T07:54:28,2023-12-21T15:47:06,0.3,"Rain, Overcast",Cloudy skies throughout the day with a chance of rain throughout the day.,rain,62304_maritime
62304_maritime,2023-12-22,12.5,10.7,11.7,12.5,10.7,11.7,6.9,72.5,1.2,100,29.17,rain,0,0,68.4,51.8,278.4,1011.2,100,17.1,8.7,0.9,1,10,2023-12-22T07:54:59,2023-12-22T15:47:36,0.34,"Rain, Overcast",Cloudy skies throughout the day with a chance of rain throughout the day.,rain,62304_maritime
62304_maritime,2023-12-23,11.9,10.4,11.2,11.9,10.4,11.2,7.5,78.5,0,0,0,,0,0,72.4,61.2,255.2,1012.8,79.3,17.5,37.9,3.1,2,10,2023-12-23T07:55:27,2023-12-23T15:48:09,0.37,Partially cloudy,Partly cloudy throughout the day.,wind,62304_maritime
62304_maritime,2023-12-24,12.4,11.4,12.1,12.4,11.4,12.1,10.7,90.9,3.7,100,20.83,rain,0,0,103.7,83.5,243.6,1007.4,99,4,8.6,0.7,1,10,2023-12-24T07:55:51,2023-12-24T15:48:45,0.41,"Rain, Overcast",Cloudy skies throughout the day with rain clearing later.,rain,62304_maritime
62304_maritime,2023-12-25,12.5,11.9,12.2,12.5,11.9,12.2,11.1,93.1,3.1,100,41.67,rain,0,0,87.1,66.6,242.9,1008.2,100,4,8.1,0.6,1,10,2023-12-25T07:56:12,2023-12-25T15:49:24,0.45,"Rain, Overcast",Cloudy skies throughout the day with a chance of rain throughout the day.,rain,62304_maritime
62304_maritime,2023-12-26,12,8.9,10.2,12,5.4,8.3,5.9,75.2,1.1,100,4.17,rain,0,0,66.6,55.4,261.8,1015.6,81.1,19.2,32.1,2.7,1,10,2023-12-26T07:56:30,2023-12-26T15:50:07,0.48,"Rain, Partially cloudy",Partly cloudy throughout the day with early morning rain.,rain,62304_maritime
62304_maritime,2023-12-27,12.7,8.7,11.3,12.7,4.6,10.7,8.4,82.4,5.1,100,33.33,rain,0,0,96.5,76,204.1,1010.1,99.5,13.3,17.2,1.4,1,10,2023-12-27T07:56:44,2023-12-27T15:50:53,0.5,"Rain, Overcast",Cloudy skies throughout the day with rain.,rain,62304_maritime
62304_maritime,2023-12-28,12.4,11.3,12.1,12.4,11.3,12.1,8.8,80.6,3.3,100,54.17,rain,0,0,96.5,74.2,226.2,1008.3,81.2,5.2,24,2,1,10,2023-12-28T07:56:56,2023-12-28T15:51:41,0.55,"Rain, Partially cloudy",Partly cloudy throughout the day with a chance of rain throughout the day.,rain,"62304_maritime,remote"
62304_maritime,2023-12-29,12.4,10.3,11.6,12.4,10.3,11.6,8.3,79.9,4.1,100,33.33,rain,0,0,83.9,61.2,246.6,1007.9,78,13,34.4,3,2,10,2023-12-29T07:57:03,2023-12-29T15:52:33,0.58,"Rain, Partially cloudy",Partly cloudy throughout the day with a chance of rain throughout the day.,rain,"62304_maritime,remote"
62304_maritime,2023-12-30,12.2,9.8,11,12.2,5.3,10.1,7.4,78.8,0.7,100,20.83,rain,0,0,72.4,55.4,213.3,1008,92.2,16.5,15.6,1.4,1,10,2023-12-30T07:57:08,2023-12-30T15:53:27,0.61,"Rain, Overcast",Cloudy skies throughout the day with rain.,rain,62304_maritime
62304_maritime,2023-12-31,11.7,8.5,10.5,11.7,3.6,8.5,6.4,76,21.9,100,79.17,rain,0,0,107.6,83.5,220.5,992.6,100,10.9,21.6,1.8,1,10,2023-12-31T07:57:09,2023-12-31T15:54:25,0.64,"Rain, Overcast",Cloudy skies throughout the day with a chance of rain throughout the day.,rain,"62304_maritime,remote"
